"currency","symbol","shortName","regularMarketPrice","marketCap","circulatingSupply"
"USD","1","just buy $1 worth of this coin USD",0.003674725,3673857,999763840
"USD","DESCI","DeSci Meme USD",2.711499e-13,0,0
"USD","GOAT","Goatcoin USD",25.061071,0,0
"USD","MAHA","MAHA.xyz USD",0.21398775,939726,4391496
"USD","BNB","BNB USD",919.78796,128022503424,139186976
"USD","HTR","Hathor USD",0.01382549,6894273,498663904
"USD","IMGN","IMGN Labs USD",0.0036937818,3141642,850521792
"USD","NIM","Nimiq USD",0.000712741,9584128,13446858752
"USD","ZEC","Zcash USD",50.723236,822567808,16216785
"USD","MIM","Magic Internet Money USD",1.0024205,0,0
"USD","SUSHI","SushiSwap USD",0.7671589,212506272,277004224
"USD","ZEE","ZeroSwap USD",0.0005936134,37652,63429104
"USD","ROSS","Ross Inu USD",1.612029e-10,0,0
"USD","PIXEL","PixelVerse USD",0.00069723104,0,0
"USD","PEPE","PEPEGOLD USD",0.0000061956575,0,0
"USD","DOT","Polkadot USD",4.1652756,6737627136,1617570560
"USD","POOLX","Poolz Finance USD",0.30222073,1582050,5234752
"USD","BTC","Bitcoin USD",115326.5,2297464094720,19921390
"USD","SWP","Kava Swap USD",0.00071043003,24051,33854168
"USD","COOKIE","CookieSale USD",0.0000393008,0,0
"USD","AVAIL","Avail USD",0.01624129,56542608,3481411328
"USD","SUNDOG","SUNDOG USD",0.035725933,35633780,997420608
"USD","WBTC","Wrapped Bitcoin USD",115251.73,14683599872,127404
"USD","AJNA","Ajna Protocol USD",0.0032501256,0,0
"USD","FWC","Football World Community USD",7.511105e-12,317417,42259695053832190
"USD","KASPER","Kasper the Ghost of Kaspa USD",0.000085695756,0,0
"USD","SIGN","Signature Chain USD",0.0000344278,26364,765779200
"USD","METIS","Metis USD",14.69961,96368208,6555834
"USD","ZIL","Zilliqa USD",0.011388784,222411008,19528949760
"USD","MOVE","Mover USD",0.15064907,0,0
"USD","OSCAR","OSCARCOIN USD",2.824267e-9,0,0
"USD","BTT","BitTorrent [New] USD",6.3603403e-7,627168448,986061140393984
"USD","MATIC","Polygon USD",0.21823609,0,0
"USD","AKUMA","Akuma Inu USD",9.922277e-7,661485,666666663936
"USD","LIKE","LikeCoin USD",0.0018033338,0,0
"USD","TROLL","Trollcoin USD",0.0011527137,683340,592810176
"USD","AIXBT","aixbt USD",0.11245814,110170056,979653888
"USD","VIRTUAL","Virtuals Protocol USD",1.2207333,800308672,655596672
"USD","AVA","AVA (Travala) USD",0.5361404,37502768,69949528
"USD","CUDIS","CUDIS USD",0.11111326,27500530,247500000
"USD","GNS","Gains Network USD",2.2372713,62776276,28059306
"USD","PI","Plian USD",0.002050101,0,0
"USD","FET","Artificial Superintelligence Alliance USD",0.6372539,1512080512,2372807168
"USD","VIC","Viction USD",0.22672953,27779278,122521664
"USD","BOLT","BOLT USD",0.0005290874,506562,957427520
"USD","HEGE","Hege USD",0.0058453986,5844536,999852416
"USD","TRUMPJR","TrumpJr USD",5.017792e-7,0,0
"USD","NEWT","Newton Protocol USD",0.25427276,54668644,215000000
"USD","STORJ","Storj USD",0.2550555,106861456,418973376
"USD","MWC","MimbleWimbleCoin USD",31.914614,0,0
"USD","CVX","Convex Finance USD",3.384073,327102720,96659480
"USD","CHZ","Chiliz USD",0.040672682,406194240,9986906112
"USD","DASH","Dash USD",23.257952,288635648,12410191
"USD","BEFE","BEFE USD",0.0000092056825,857986,93201825792
"USD","MEW","Mew Inu USD",0.0000010456199,0,0
"USD","PORTAL","Portal USD",0.00008386745,0,0
"USD","HTX","HTX USD",0.0000020324965,0,0
"USD","BRUH","BRUH USD",1.0082891e-9,0,0
"USD","VET","VeChain USD",0.024146663,2076251776,85985042432
"USD","USDX","USDX [Lighthouse] USD",0.015778841,59528,3772660
"USD","MIGGLES","Mr Miggles USD",0.028000275,26806654,957371072
"USD","COK","Cat Own Kimono USD",2.1188059e-7,211585,998607355904
"USD","OXY","Oxygen USD",0.0015023362,61129,40689416
"USD","TRX","TRON USD",0.34475473,32635891712,94664089600
"USD","POLIS","Polis USD",0.0047808136,47004,9831891
"USD","RVN","Ravencoin USD",0.013074973,203825040,15588945920
"USD","ALICE","MyNeighborAlice USD",0.35924318,35850684,99795024
"USD","OPEN","Open Platform USD",0.0034489015,0,0
"USD","ZIG","ZIGChain USD",0.099089906,139611808,1408940800
"USD","SSE","Soroosh Smart Ecosystem USD",0.00037443504,0,0
"USD","AVC","AVCCOIN USD",0.0016588684,0,0
"USD","LUCE","LUCE USD",0.0028360982,2836098,1000000000
"USD","ARIX","Arix USD",0.0006172611,38692,62683980
"USD","BABYCATE","Baby CateCoin USD",6.931499e-11,0,0
"USD","STRK","Strike USD",0.13102548,741898,5662246
"USD","REVV","REVV USD",0.0013688883,1629928,1190694656
"USD","DAO","DAO Maker USD",0.11917554,24192372,202997792
"USD","BRETT","Brett USD",3.7277688e-11,0,0
"USD","ZKJ","Polyhedra Network USD",0.18495189,63678696,344298688
"USD","AI16Z","ai16z USD",0.107138306,117851728,1099996160
"USD","SAND","The Sandbox USD",0.2951919,759614144,2573289216
"USD","BAN","Banano USD",0.0017905129,2873599,1604902912
"USD","FRIN","Fringe Finance USD",0.00015503402,101482,654583424
"USD","ETH","Ethereum USD",4511.9106,544608550912,120704640
"USD","LKY","Luckycoin USD",0.24863616,3001254,12070868
"USD","USUAL","Usual USD",0.06268711,76434312,1219298816
"USD","GNO","Gnosis USD",143.27617,378116160,2639072
"USD","USELESS","Useless USD",3.3491763e-9,0,0
"USD","MNEE","MNEE USD",1.0001944,62051324,62039260
"USD","IO","IO RUNE - Rune.Game USD",0.47468436,0,0
"USD","ENA","Ethena USD",0.7076136,4874794496,6889062400
"USD","MANA","Decentraland USD",0.33371833,657334656,1969729024
"USD","NPC","NPC DAO USD",0.00045819487,0,0
"USD","MYRO","Myro USD",0.023543334,22229704,944203840
"USD","CAT","Cat Token USD",0.01750163,114243,6527607
"USD","LISTA","Lista DAO USD",0.24696416,53650368,217239504
"USD","JULD","JulSwap USD",0.00013005336,77013,592166784
"USD","MOG","Mog Coin USD",9.069765e-7,354235552,390567515127808
"USD","FTRB","Faith Tribe USD",0.0052070017,14043164,2696977152
"USD","ONDO","Ondo USD",1.0326343,3262202624,3159107584
"USD","CULT","Cult DAO USD",0.00000367161,15856548,4318690803712
"USD","XPRT","Persistence One USD",0.031861294,6798211,213368960
"USD","ACX","ACCESSLAUNCHER USD",0.0011622997,0,0
"USD","HOSKY","HOSKY Token USD",6.045632e-8,13784041,227999999852544
"USD","HARD","Kava Lend USD",0.0039009603,525816,134791664
"USD","MONI","Monsta Infinite USD",0.002005113,363826,181449280
"USD","ALGO","Algorand USD",0.23250604,2040462720,8775956480
"USD","IOST","IOST USD",0.003294319,92579968,28102918144
"USD","JAILSTOOL","Stool Prisondente USD",0.0030896277,3088684,999694848
"USD","POLC","Polkacity USD",0.0026207133,498003,190025936
"USD","WEN","WEN Token USD",3.8425492e-7,0,0
"USD","XEM","NEM USD",0.002297614,20678526,8999999488
"USD","SYRUP","Maple Finance USD",0.43978238,525453216,1194802816
"USD","BR","BOHR USD",0.0070494185,0,0
"USD","SWAP","TrustSwap USD",0.08951072,8950639,99995168
"USD","BROAK","Broak on Base USD",0.0019814323,1225596,618540800
"USD","CNS","Centric Swap USD",2.0486976e-7,20322,99199000576
"USD","NIOX","Autonio USD",0.0008262632,0,0
"USD","NEIROINU","Neiro Inu USD",5.4110522e-8,0,0
"USD","LOBO","LOBO•THE•WOLF•PUP (Bitcoin) USD",0.00031380524,5492927,17504256000
"USD","ZANO","Zano USD",15.201533,0,0
"USD","QNT","Quant USD",101.07572,1220260736,12072738
"USD","HOPR","HOPR USD",0.056942295,19427220,341173824
"USD","LTC","Litecoin USD",113.47696,8658570240,76302448
"USD","W","Wormhole USD",0.0882924,420314368,4760482304
"USD","DIVER","Divergence USD",0.011217854,0,0
"USD","BUZZ","BUZZCoin USD",0.000032396983,0,0
"USD","AKRO","Kaon USD",0.00039448743,1750028,4436209664
"USD","EDU","EduCoin USD",0.0000060834304,0,0
"USD","AIDOGE","ArbDoge AI USD",1.00316144e-10,17500742,174455902206689280
"USD","YURU","YURU COIN USD",1.0484954,8032056,7660555
"USD","PUSS","PussyCat USD",3.378219e-11,0,0
"USD","FIDA","Bonfida (aka SNS) USD",0.09087422,90048288,990911296
"USD","ATH","Atheios USD",0.00039818414,18961,47618992
"USD","INJ","Injective USD",13.483902,1347998208,99970936
"USD","ADASOL","ADA USD",0.00034805253,0,0
"USD","GRT","Golden Ratio Token USD",0.45430142,0,0
"USD","PTF","PowerTrade Fuel USD",0.013592643,316866,23311586
"USD","CCD","Concordium USD",0.008727345,101724776,11655867392
"USD","SQGROW","SquidGrow USD",0.0076310677,7631068,1000000000
"USD","JST","JUST USD",0.03365576,333192032,9900000256
"USD","DIA","DIA USD",0.70538473,84417696,119676104
"USD","OSAK","Osaka Protocol USD",1.6862315e-7,126614016,750869737897984
"USD","GUAN","Guanciale by Virtuals USD",0.00010118221,0,0
"USD","SFP","SafePal USD",0.4564834,228241696,500000000
"USD","SONIC","SonicSwap USD",0.00008435931,0,0
"USD","SIDUS","SIDUS USD",0.00061220385,9106683,14875246592
"USD","1INCH","1inch USD",0.25575483,357251648,1396851968
"USD","XAUT","Tether Gold USD",3682.9126,907926336,246524
"USD","CXT","Coinonat USD",0.0009827244,0,0
"USD","EIGEN","EigenLayer USD",1.5577872,514561888,330315904
"USD","MINDFAK","Mindfak By Matt Furie USD",0.007797105,5380002,690000000
"USD","SATS","Satoshi USD",0.00026159774,0,0
"USD","POL","Proof Of Liquidity USD",0.008241397,0,0
"USD","ARB","ARbit USD",0.0011746755,0,0
"USD","DOGK","Dagknight Dog USD",0.00013068809,582769,4459237888
"USD","DOGY","Dogy USD",3.440669e-8,29929,869874270208
"USD","RADX","Radx AI USD",0.0000026867963,0,0
"USD","CCDOG","Courage The Dog USD",0.0019716308,1971630,1000000000
"USD","PEIPEI","peipei USD",0.000036364007,0,0
"USD","BOBLS","Boblles USD",0.00013395953,0,0
"USD","BLAST","BLAST USD",0.00019044781,9101,47787480
"USD","ZKF","ZKFair USD",0.00018535634,1853563,10000000000
"USD","FRM","Ferrum Network USD",0.0004385685,125873,287009856
"USD","ARKM","Arkham USD",0.6013213,135357424,225100000
"USD","FLAME","FireStarter USD",0.0037340499,255932,68540264
"USD","B","BUILDon USD",0.53661007,536610080,1000000000
"USD","USDR","Ratio Stable Coin USD",0.98554325,0,0
"USD","XFI","Xfinance USD",16.6243,0,0
"USD","NOVA","NOVA USD",0.000022799491,0,0
"USD","CPOOL","Clearpool USD",0.15718715,128413528,816946752
"USD","ODDZ","Oddz USD",0.0004140805,40993,98999984
"USD","OMI","ECOMI USD",0.0030461291,506528096,166285819904
"USD","PYTH","Pyth Network USD",0.16076016,924368320,5749983744
"USD","HMSTR","Hamster Kombat USD",0.00070110284,45133492,64375001088
"USD","HOUSE","Klaymore Stakehouse USD",0.00003178894,0,0
"USD","LUMIA","Lumia USD",0.3175159,41685172,131285304
"USD","HIPPO","Hippo Coin USD",1.3435812e-7,0,0
"USD","SAROS","Saros USD",0.40176305,1054627968,2624999936
"USD","LADYS","Milady Meme Coin USD",3.0132366e-8,22128186,734365990518784
"USD","ARC","ARCx (old) USD",1779.0911,0,0
"USD","SKYAI","SKYAI USD",0.041457906,41457908,1000000000
"USD","COTI","COTI USD",0.050705392,119546264,2357663744
"USD","KHAI","Kitten Haimer USD",0.023166597,0,0
"USD","URANUS","Uranus USD",0.28956798,28955646,99996024
"USD","WIF","dogwifhat USD",0.87805176,877033216,998840000
"USD","KERNEL","KernelDAO USD",0.18270543,40683928,222674960
"USD","TROPPY","TROPPY USD",1.1952618e-7,0,0
"USD","AAST","AASToken USD",0.0020392842,0,0
"USD","DINGO","DINGO TOKEN (old) USD",2.603518e-10,0,0
"USD","WIN","WINkLink USD",0.000049611706,49299244,993701855232
"USD","GMX","GameX USD",0.00016620712,0,0
"USD","ETHFI","ether.fi USD",1.4339815,670854528,467826464
"USD","MARSH","UnMarshal USD",0.012975455,832276,64142380
"USD","FWOG","FWOG (ETH) USD",1.273562e-10,0,0
"USD","ADA","Cardano USD",0.8618591,30837557248,35780280320
"USD","SPX","SPEXY USD",3.3545014e-12,0,0
"USD","TRUMP","FreeTrump USD",0.00086820126,0,0
"USD","MCTP","Metacraft USD",0.2056767,0,0
"USD","TRENCHER","Trencher USD",0.003010291,0,0
"USD","LINK","Chainlink USD",23.553505,15971631104,678099968
"USD","SBAE","Salt Bae For The People USD",0.00011819619,0,0
"USD","XAI","SideShift Token USD",0.16370942,23623226,144299744
"USD","CUUT","CUTTLEFISHY USD",0.000015102936,0,0
"USD","CETUS","Cetus Protocol USD",0.08777706,74292464,846376832
"USD","P2P","Sentinel USD",0.00024393304,5667548,23234033664
"USD","USDD","USDD USD",1.0002142,510581856,510472512
"USD","JKC","Junkcoin USD",0.04501564,803225,17843260
"USD","CSPR","Casper USD",0.0097129,130325720,13417796608
"USD","SWEAT","SWEAT USD",0.0021395602,15275367,7139489280
"USD","CELR","Celer Network USD",0.007683955,59961160,7803424256
"USD","AUCTION","Bounce Token USD",9.495377,57829196,6090248
"USD","SHELL","Meta Apes USD",0.000073867,0,0
"USD","RED","RED USD",0.0013182826,0,0
"USD","NEIRO","Neiro Ethereum USD",0.04730737,47307368,1000000000
"USD","BABYBONK","BabyBonk USD",1.9345728e-13,0,0
"USD","ACT","Achain USD",0.00056728575,0,0
"USD","DESO","Decentralized Social USD",6.1618786,54745432,8884536
"USD","BILLY","Billy Token USD",5.4918905e-7,0,0
"USD","APE","APEcoin.dev USD",0.57611203,0,0
"USD","BCH","Bitcoin Cash USD",593.51624,11826374656,19925950
"USD","TLOS","Telos USD",0.056453127,24941048,441800992
"USD","TEMA","Tema USD",0.00016919425,0,0
"USD","TON","TON Token USD",0.013933303,0,0
"USD","FIN","DeFiner USD",0.00005601089,9409,168000000
"USD","BNBXBT","BNBXBT USD",0.0015400398,1540039,1000000000
"USD","GOHOME","GOHOME USD",209.35907,104657552,499895
"USD","VRTX","Vertex Protocol USD",0.0063354196,3347393,528361760
"USD","ETC","Ethereum Classic USD",20.34038,3122874624,153530784
"USD","MOODENG","MOO DENG (moodengmoon) USD",2.5381978e-13,0,0
"USD","DRIFT","DriftDelivery.CC USD",0.00008614089,0,0
"USD","KAS","Kaspa USD",0.08374619,2236157184,26701600768
"USD","LAUNCHCOIN","Launch Coin on Believe USD",0.08724309,87232120,999874304
"USD","XRP","XRP USD",2.9961383,178600427520,59610206208
"USD","SCF","Smoking Chicken Fish USD",0.004219824,4219447,999910656
"USD","KIN","Kin USD",0.000001247361,3440049,2757861572608
"USD","SOL","Solana USD",234.19667,127067168768,542566080
"USD","UFT","UniLend USD",0.0038090472,349171,91668968
"USD","DF","dForce USD",0.0274225,27420474,999926144
"USD","PENG","Peng USD",0.015048926,1504892,99999976
"USD","SSSSS","Snake wif Hat USD",0.00008099341,0,0
"USD","DUEL","Duel Network USD",0.018317755,0,0
"USD","UNI","UNICORN Token USD",0.0001626423,17388,106912512
"USD","WLD","Worldcoin USD",1.5122561,3076081664,2034100864
"USD","RAY","Raydium USD",3.267146,876010368,268127088
"USD","NOCHILL","AVAX HAS NO CHILL USD",0.0025736224,0,0
"USD","PROMPT","Wayfinder USD",0.16856842,59030388,350186528
"USD","XEC","eCash USD",0.000019943373,397283968,19920601481216
"USD","XEP","Electra Protocol USD",0.00019864456,3628801,18267813888
"USD","RARE","Unique One USD",3.2117626e-8,0,0
"USD","BAND","Band USD",0.69800544,115709768,165772016
"USD","LEMX","LEMON USD",40.09031,0,0
"USD","LDXG","LondonCoinGold USD",0.0044312766,0,0
"USD","AEVO","Aevo USD",0.093688674,85549064,913120640
"USD","AVAXAI","AIvalanche DeFAI Agents USD",0.00017147175,32629,190293472
"USD","PIZA","HalfPizza USD",0.0000013066191,0,0
"USD","BOOCHIE","Boochie by Matt Furie USD",4.684249e-10,197061,420689999822848
"USD","SAHARA","Sahara AI USD",0.08765277,193584800,2208541696
"USD","OG","OG Fan Token USD",15.41857,66333552,4302186
"USD","IMX","Impermax USD",0.0041430923,0,0
"USD","KANGO","KANGO USD",0.000011477394,0,0
"USD","JELLYJELLY","Jelly-My-Jelly USD",0.048957575,48957532,999999104
"USD","KAITO","KAITO USD",1.1150746,269166624,241388896
"USD","FREL","Freela USD",0.00016821333,0,0
"USD","ME","All.me USD",0.0009084968,0,0
"USD","GAU","Gamer Arena USD",0.0008722317,0,0
"USD","RENDER","Render USD",3.764238,1952075904,518584608
"USD","CWS","Seascape Crowns USD",0.11504849,879643,7645850
"USD","NSURE","Nsure.Network USD",0.0021104102,11963,5668964
"USD","ORDER","Orderly USD",0.1419125,42040684,296243680
"USD","FIGHT","Crypto Fight Club USD",0.0001341055,0,0
"USD","BEAM","Beam USD",0.026668483,4020368,150753568
"USD","BANK","Bankcoin USD",0.000021903586,0,0
"USD","NIL","NIL Coin USD",0.000002750111,0,0
"USD","TAIKO","Taiko USD",0.40417454,74191144,183562160
"USD","MIX","MixMarvel USD",0.00035244657,3422256,9710000128
"USD","HONEY","HoneyFarm Finance USD",2.3606868,0,0
"USD","MANTA","Manta Network USD",0.20646714,92509488,448059104
"USD","PROVE","Succinct USD",0.87679327,170974688,195000000
"USD","WLFI","World Liberty Financial (wlfi.club) USD",1.8638895e-12,0,0
"USD","VERA","Vera USD",0.00014802878,0,0
"USD","QUBIC","Qubic USD",0.0000020366606,254353520,124887540695040
"USD","GPS","GoPlus Security USD",0.0131647205,34820060,2644952576
"USD","BDTC","BDTCOIN USD",54.527847,0,0
"USD","THE","THENODE USD",0.010600938,0,0
"USD","DEEPSEEK","DeepSeek AI USD",6.14301e-13,0,0
"USD","QTUM","Qtum USD",2.4269757,256799344,105810424
"USD","ZRX","0x Protocol USD",0.263716,223735744,848396544
"USD","YZY","YZY MONEY USD",0.4492028,134760752,299999808
"USD","MANEKI","Maneki Inu USD",2.3413755e-11,0,0
"USD","UOS","Ultra USD",0.03788763,17709742,467428128
"USD","WAS","Wasder USD",0.00006701986,0,0
"USD","SPK","SparksPay USD",0.0005172072,0,0
"USD","MOBY","Moby Dick V2 USD",0.0002513751,0,0
"USD","USDQ","USDQ USD",0.9893538,0,0
"USD","HGET","Hedget USD",0.052102376,91254,1751448
"USD","SINK","Let that sink in USD",0.000070013615,53274,760917248
"USD","POWSCHE","Powsche USD",0.010442359,992542,95049632
"USD","DOG","UnderDog USD",0.000025963089,0,0
"USD","RATS","Ratscoin USD",3.3547623e-10,0,0
"USD","GOKU","Goku USD",8.400555e-12,0,0
"USD","HFT","Hodl Finance USD",3.8750036e-7,0,0
"USD","ATR","Artrade USD",0.010429292,13141993,1260104064
"USD","YGG","Yield Guild Games USD",0.20125951,120027736,596382976
"USD","ATOM","Cosmos USD",4.5097632,2111940224,468304000
"USD","MAXETH","Max on ETH USD",0.0000016542078,0,0
"USD","BERT","BERT USD",0.00006165956,0,0
"USD","M87","M E S S I E R USD",0.00003659945,32384886,884846297088
"USD","TIA","Celestia USD",1.6924646,1323099520,781759104
"USD","CGPT","ChainGPT USD",0.091745295,78666352,857442944
"USD","FTT","FTX Token USD",0.7882334,259246112,328895104
"USD","LAYER","UniLayer USD",0.007893571,315742,40000000
"USD","S","Holdenomics USD",6.6413186e-8,0,0
"USD","HAEDAL","Haedal Protocol USD",0.14215656,32696008,230000000
"USD","BNC","Bionic USD",0.000026914737,13966,518931712
"USD","DOGE","Dogecoin USD",0.26691762,40292712448,150955622400
"USD","FIO","FIO Protocol USD",0.018433033,15098707,819111424
"USD","DIVI","Divi USD",0.0015998025,7081101,4426234368
"USD","SUN","Sun [New] USD",0.020326508,389549536,19164606464
"USD","MICE","Mice (Ordinals) USD",0.00012302391,0,0
"USD","SLF","Self Chain USD",0.041437548,6920070,167000000
"USD","TST","Touch Social USD",0.0026726741,0,0
"USD","VRA","Verasity USD",0.0013300596,12800969,9624356864
"USD","X","GIBX Swap USD",0.00046954642,0,0
"USD","OP","Optimism USD",0.74329215,1322044928,1778634368
"USD","SHIB","Shiba Inu USD",0.0000130311355,7678542848,589245890691072
"USD","SOLV","Solv Protocol USD",0.04180064,61973632,1482599936
"USD","DARK","Dark Frontiers USD",0.0022224723,384731,173109552
"USD","USDT","Tether USDt USD",1.0002501,170293886976,170251304960
"USD","BAT","Basic Attention Token USD",0.15424858,230709008,1495696000
"USD","KIMBO","Kimbo USD",0.000019401863,1346877,69419999232
"USD","PECH","PEPECASH (pepecash.live) USD",1.4160434e-8,0,0
"USD","HUAHUA","Chihuahua USD",0.000021188964,1982227,93550002176
"USD","HIGH","Highstreet USD",0.5438074,41177180,75720160
"USD","BANANA","Banana.finance USD",13.7210455,0,0
"USD","FXS","Frax Share USD",2.1050303,189291872,89923584
"USD","ZORA","Zoracles USD",7.9886274,43641,5463
"USD","A2Z","Arena-Z USD",0.006121372,44067860,7199016960
"USD","SNX","Synthetix USD",0.67089766,230430688,343466208
"USD","ONE","BigONE Token USD",0.0005291035,4541915,8584171520
"USD","CKB","Nervos Network USD",0.005096513,240901936,47267995648
"USD","NFT","NFT USD",0.018542947,683556,36863404
"USD","XLM","Stellar USD",0.379784,12094226432,31845013504
"USD","BOME","BOOK OF MEME USD",0.0019879183,136999504,68916060160
"USD","PNUT","Peanut the Squirrel USD",0.23642947,236394432,999851840
"USD","PORK","PigsCanFly USD",0.00052905356,0,0
"USD","G","GoodDollar USD",0.00009509499,0,0
"USD","OPUL","Opulous USD",0.03217483,13571684,421810592
"USD","REZ","Renzo USD",0.011335806,44349216,3912312576
"USD","EDAT","EnviDa USD",0.040517878,0,0
"USD","BLUR","Blur USD",0.082202226,206669456,2514158848
"USD","EURR","StablR Euro USD",1.1728069,13057208,11133298
"USD","GME","GameStop tokenized stock FTX USD",19.004808,0,0
"USD","GRASS","TouchGrass USD",7.160982e-8,0,0
"USD","CHR","Chromia USD",0.09602695,81294680,846581888
"USD","MCOIN","Mirrored Coinbase USD",0.9891362,0,0
"USD","PENGU","Pengu USD",5.0495334e-11,0,0
"USD","SENDOR","Sendor USD",0.00037480114,0,0
"USD","CAKE","PancakeSwap USD",2.4546952,847677632,345329088
"USD","MEME","Memetic / PepeCoin USD",0.0025708512,0,0
"USD","TOON","Pontoon USD",0.000019203733,0,0
"USD","XCAD","XCAD Network USD",0.028070293,1339705,47726796
"USD","XYO","XYO USD",0.010082723,137681440,13655185408
"USD","FROX","Frox USD",0.000014247348,0,0
"USD","C98","Coin98 USD",0.049355146,49355132,999999744
"USD","TITCOIN","titcoin USD",0.0048881094,0,0
"USD","PUPS","Pudgy Pups Club USD",2.9626591e-13,0,0
"USD","STOS","Stratos USD",0.048017144,1863107,38800872
"USD","XDC","XDC Network USD",0.07566678,1342646016,17744195584
"USD","FLOKI","FLOKI USD",0.00009505201,906745472,9539466297344
"USD","FIRO","Firo USD",0.7137039,12638491,17708314
"USD","APFC","APF Coin USD",0.0858784,0,0
"USD","AXOL","Axol USD",0.0019535292,1953529,1000000000
"USD","BAKE","BakeryToken USD",0.07513087,21770710,289770496
"USD","FHE","Mind Network USD",0.05690285,12583466,221139472
"USD","WHY","WHY USD",3.2168728e-8,13510866,419999986483200
"USD","ETHW","EthereumPoW USD",1.5801859,170374064,107819000
"USD","RDNT","Radiant Capital USD",0.020754054,26815772,1292073984
"USD","BMT","Bubblemaps USD",0.06733224,29134156,432692512
"USD","ROUTE","Router Protocol (Old) USD",1.3487551,22648456,16792120
"USD","LIME","iMe Lab USD",0.010100683,7619366,754341632
"USD","LFGO","Lets Fuckin Go USD",0.00045754784,457475,999841280
"USD","LBAI","Lemmy The Bat USD",0.000048744863,3363395,69000003584
"USD","OLT","OneLedger USD",0.00030105852,152617,506936800
"USD","FB","Facebook tokenized stock FTX USD",90,0,0
"USD","FUSE","Fuse USD",0.009866586,2169486,219882160
"USD","UNDEAD","Undead Finance USD",0.08128243,0,0
"USD","JTO","Jito USD",1.8075093,682476864,377578624
"USD","AAVE","Aave USD",299.57904,4562829824,15230805
"USD","CRV","Curve DAO Token USD",0.74802375,1039523968,1389693824
"USD","AXS","Axie Infinity USD",2.4215472,403940448,166810896
"USD","MUBARAK","Mubarak USD",0.030371267,30371268,1000000000
"USD","ZETA","ZetaChain USD",0.18450513,188833312,1023458304
"USD","ZK","Poirot USD",0.60919195,0,0
"USD","SNY","Synthetify USD",0.0027653845,15555,5625000
"USD","BIGTIME","Big Time USD",0.052552268,105203720,2001887360
"USD","ILV","Illuvium USD",14.49663,91909984,6340093
"USD","ANIME","Anime (animeonbase.art) USD",0.000039283495,0,0
"USD","FARTCOIN","Fartcoin USD",0.8218948,821893376,999998272
"USD","DUSK","Dusk USD",0.063011326,30604602,485700000
"USD","XTZ","Tezos USD",0.7571905,801536064,1058565888
"USD","LRC","Loopring USD",0.092315525,126205040,1367105280
"USD","VINE","Vine Coin USD",0.07193506,71934632,999994112
"USD","KIBSHI","KiboShib USD",0.0000133376425,13337643,999999995904
"USD","RSR","Reserve Rights USD",0.0074039167,442997632,59832877056
"USD","GALEON","Galeon USD",0.021038927,15440614,733906944
"USD","VSG","Vector Smart Gas USD",0.00024840535,2484053,10000000000
"USD","KEX","KIRA USD",0.008891237,1827736,205566064
"USD","QUICK","QuickSwap [Old] USD",24.691904,18198012,737003
"USD","HOPPY","Hoppy USD",4.0506884e-10,0,0
"USD","MERL","Merlin Chain USD",0.16182254,158417600,978958784
"USD","YNE","yesnoerror USD",0.0046442105,4644203,999998464
"USD","OMNI","Omni USD",1.34,0,0
"USD","ID","Everest USD",0.014973853,1747448,116700000
"USD","VANRY","Vanar Chain USD",0.027960809,55476068,1984065024
"USD","PHIL","Philtoken USD",0.0020346583,2034658,1000000000
"USD","ORCA","Orca USD",2.252731,135067520,59957232
"USD","NXPC","NEXPACE USD",0.67371744,137767296,204488240
"USD","ONT","Ontology USD",0.13602562,124422336,914697856
"USD","HIGHER","Higher USD",0.0031475895,0,0
"USD","ACH","Alchemy Pay USD",0.019611735,186156576,9492101120
"USD","SCUBA","Scuba Dog USD",0.0000452406,0,0
"USD","KONAN","KONAN of Kaspa USD",0.0000042790552,0,0
"USD","SLIM","Solanium USD",0.037814826,3781482,100000000
"USD","ASD","ASD USD",0.05096991,33671500,660615296
"USD","LTO","LTO Network USD",0.007392969,3190020,431493824
"USD","DC","DeepCoin USD",0.1210389,0,0
"USD","CRO","Cronos USD",0.2302038,7743298048,33636706304
"USD","COMP","Compound Coin USD",4.826e-8,2593,53731717120
"USD","GEEQ","Geeq USD",0.026567567,1023441,38522224
"USD","FIL","Filecoin USD",2.410602,1661715968,689336448
"USD","JCO","JennyCo USD",0.0018383574,0,0
"USD","SWARMS","Swarms USD",0.02144345,21443126,999984832
"USD","DAKU","[WARNING ⚠️ - Suspected honey pot] Der Daku USD",0.0000010362797,0,0
"USD","MASK","NFTX Hashmasks Index USD",814.0969,144888,177
"USD","VVV","Anonverse Gaming Token USD",1.8838517e-7,0,0
"USD","VOXEL","Voxies USD",0.06393912,15936344,249242480
"USD","DOOD","Doodles USD",0.00363898,28384044,7800000000
"USD","FORWARD","Forward Protocol USD",0.00024087487,1204331,4999822848
"USD","SIREN","siren USD",0.09801838,71646792,730952640
"USD","BIO","BITONE USD",0.0062984154,0,0
"USD","ALT","Alt.Estate token USD",0.00033949065,245852,724180736
"USD","SUI","Salmonation USD",0.0003001941,0,0
"USD","BIAO","Biaocoin USD",1.8938964e-7,0,0
"USD","NEO","Neo USD",6.512032,459351104,70538832
"USD","JUP","Jupiter USD",0.0010644692,0,0
"USD","SMTY","Smoothy USD",0.0017393382,8852,5089773
"USD","PENDLE","Pendle USD",4.937233,832552640,168627376
"USD","RUNE","THORChain USD",1.2577776,441871552,351311360
"USD","HOOK","Hooked Protocol USD",0.106685854,27711516,259748736
"USD","DEGO","Dego Finance USD",1.2025807,25250844,20997212
"USD","SSV","ssv.network USD",9.19295,126042352,13710762
"USD","PONKE","Ponke USD",0.10175805,56531096,555544256
"USD","COW","CoinWind USD",0.002918768,0,0
"USD","POPDOG","PopDog USD",0.00074799807,0,0
"USD","RPL","Rocket Pool USD",6.4499493,140010592,21707238
"USD","ENS","Ethereum Name Service USD",23.087145,854193216,36998652
"USD","AVL","Aston Villa Fan Token USD",0.1852955,778177,4199655
"USD","ATLAS","Star Atlas USD",0.000899294,18605724,20689256448
"USD","KAVA","Kava USD",0.34422207,372741920,1082853120
"USD","LINEA","Linea USD",0.028072322,434619840,15482147840
"USD","DYDX","dYdX USD",0.6117807,478809536,782648960
"USD","OM","MANTRA USD",0.20481485,216881856,1058916608
"USD","EPIC","Epic Cash USD",0.25187212,4352256,17279628
"USD","BABY","Babytoken USD",0.00020466237,0,0
"USD","CAPS","Ternoa USD",0.0013497905,1737221,1287030144
"USD","BRISE","Bitgert USD",5.797454e-8,22939946,395690001825792
"USD","LEO","UNUS SED LEO USD",9.574759,8834216960,922656896
"USD","XDAI","xDAI USD",0.9803906,0,0
"USD","HOT","Hydro Protocol USD",0.000946184,0,0
"USD","TNSR","Tensor USD",0.11776126,49167844,417521344
"USD","ORDI","ORDI USD",9.430657,198043808,21000000
"USD","GTAI","GT Protocol USD",0.14882608,8936264,60045020
"USD","ENJ","Enjin Coin USD",0.0674259,126927832,1882478976
"USD","BROCCOLI","Broccoli (broccolibsc.com) USD",0.000092571354,0,0
"USD","TRAXX","Traxx USD",0.0004582891,20552,44845572
"USD","SHOGGOTH","Shoggoth AI USD",0.000030315277,30315,1000000000
"USD","KIKI","Kiki USD",0.00028920674,0,0
"USD","DEGEN","DEGEN Index USD",0.0000013569623,0,0
"USD","AVAX","Avalanche USD",29.91262,12631360512,422275296
"USD","STARTUP","Startup USD",0.009627144,9533603,990283648
"USD","WOLF","moonwolf.io USD",8.33721e-8,0,0
"USD","ZRO","Carb0n.fi USD",0.0014263476,0,0
"USD","LOOKS","LooksRare USD",0.015464385,15463483,999941696
"USD","ELON","Dogelon Mars USD",1.0106716e-7,55551840,549652768227328
"USD","ICE","Popsicle Finance USD",0.2935406,0,0
"USD","WCT","Waves Community Token USD",0.11345138,1134501,9999892
"USD","AITECH","Solidus Ai Tech USD",0.032701466,52410928,1602708736
"USD","LDO","Lido DAO USD",1.1810664,1058001152,895801536
"USD","STASH","Stash USD",0.00057978946,0,0
"USD","PINU100X","Pi INU 100x USD",0.000010791359,0,0
"USD","WOO","WOO USD",0.067429565,128458280,1905073664
"USD","UBX","UBIX.Network USD",0.0000036493507,166257,45558153216
"USD","SHRUB","Shrub USD",0.002709352,2552701,942181568
"USD","BB","BlackBerry tokenized stock FTX USD",4.38,0,0
"USD","WALTER","walter USD",0.00082380365,0,0
"USD","APT","Apricot Finance USD",0.00013111407,0,0
"USD","CHILLGUY","Just a chill guy USD",0.0464393,46437032,999951104
"USD","WOJAK","Wojak USD",0.00029884762,20741438,69404729344
"USD","TOWER","TOWER USD",0.0015121211,5848978,3868062464
"USD","NOT","Notcoin USD",0.0018688939,185830928,99433652224
"USD","EGLD","MultiversX USD",13.871116,396903936,28613700
"USD","B2","BSquared Network USD",0.5196746,24372866,46900244
"USD","ZRC","ZrCoin USD",0.076522574,381762,4988893
"USD","ICP","Internet Computer USD",4.6748624,2515295232,538046848
"USD","TORA","Tora Inu USD",0.00014990689,0,0
"USD","LAND","Landbox USD",0.000008301614,634,76385232
"USD","EURQ","Quantoz EURQ USD",1.173734,3932320,3350265
"USD","EPT","Balance USD",0.004981172,14098338,2830325760
"USD","JYAI","Jerry The Turtle By Matt Furie USD",0.00013950482,9625832,69000003584
"USD","DOGS","Doggy Swap USD",4.3916933e-7,0,0
"USD","RESOLV","Resolv USD",0.14846775,42045360,283195232
"USD","WTF","Walnut.finance USD",0.9445519,0,0
"USD","NACHO","Nacho USD",0.3473841,0,0
"USD","AKT","Akash Network USD",1.1379886,282546400,248285792
"USD","SOPHON","Sophon (Atomicals) USD",0.0010346011,0,0
"USD","L3","Layer3 USD",328.5471,0,0
"USD","NGTG","Nugget Trap Gold Token USD",0.000054000975,13270,245751056
"USD","AB","AB USD",0.008390983,649748928,77434191872
"USD","TREE","ONE TREE ONE LIFE USD",2.1299986e-8,0,0
"USD","TURBO","Turbo USD",0.004015048,277038304,69000003584
"USD","ZBCN","Zebec Network USD",0.004092629,372075520,90913570816
"USD","NEAR","NEAR Protocol USD",2.6284378,3285118720,1249837056
"USD","PDEX","Polkadex USD",0.06328361,529050,8360000
"USD","BEANS","Moonbeans USD",1.3394275,0,0
"USD","SEI","Sei USD",0.31763574,1946401152,6127777792
"USD","HNT","Helium USD",2.6510513,493674496,186218400
"USD","BLUE","Blue Protocol USD",0.0013848232,0,0
"USD","CLOUD","CloudTx USD",0.00010271112,0,0
"USD","J","Jambo USD",0.10984829,17686446,161007936
"USD","WAL","The Wasted Lands USD",0.00008759709,0,0
"USD","SEND","Social Send USD",0.000068706904,0,0
"USD","PRCL","Parcl USD",0.08594553,35434008,412284448
"USD","DBR","DOLA Borrowing Right USD",0.089679554,0,0
"USD","MELANIA","Melania Trump Parody (melania.world) USD",0.005289603,0,0
"USD","KMNO","Kamino Finance USD",0.06706399,187090160,2789726208
"USD","FRAG","Fragmint USD",0.0021262064,0,0
"USD","SWTCH","Switchboard Protocol USD",0.1110248,19052562,171606368
"USD","NS","Nodestats USD",0.0007623709,0,0
"USD","BONK","Bonk USD",0.000023174936,1881141888,81171392233472
"USD","DEEP","DeepCloud AI USD",0.00079433067,0,0
"USD","ES","Era Swap USD",0.002331723,5497538,2357714688
"USD","BTG","Bitcoin Gold USD",0.7323874,12826977,17513924
"USD","A","Alpha Token USD",0.0005292094,10274,19414002
"USD","BSV","Bitcoin SV USD",25.981487,517562848,19920446
"USD","EURS","STASIS EURO USD",1.1706101,145303088,124125936
"USD","TUSD","TrueUSD USD",0.9976667,493361248,494515072
"USD","HBAR","Hedera USD",0.23499283,9962034176,42392928256
"USD","MKR","Maker USD",1780.0798,0,0
"USD","XYM","Symbol USD",0.0065152193,40267420,6180516352
"USD","NEXO","Nexo USD",1.2855191,830632768,646145856
"USD","YFI","yearn.finance USD",5366.4233,181530688,33827
"USD","ALPACA","Alpaca Finance USD",0.017731858,2689366,151668640
"USD","USDC","USDC USD",1.0000025,73176064000,73175883776
"USD","WAVES","Waves USD",1.1340718,134753600,118822800
"USD","OMG","OMG Network USD",0.17042126,23900798,140245392
"USD","DAI","Dai USD",0.99994737,5365100544,5365382656
"USD","GALA","Gala USD",0.016667565,766383552,45980536832
"USD","HIFI","HiFi Gaming Society USD",0.0000034939374,0,0
"USD","KNC","Kyber Network Crystal v2 USD",0.37053442,70555400,190415248
"USD","LUNA","Luna Coin USD",1.192089,2034215,1706429
"USD","LUNC","Terra Classic USD",0.00005852251,322134400,5504453050368
"USD","BCUG","Blockchain Cuties Universe Governance USD",0.010453071,14403,1377892
"USD","USDP","Pax Dollar USD",0.9998037,67940128,67953472
"USD","STX","Stox USD",0.0028344663,0,0
"USD","DODO","DODO USD",0.046270773,33578860,725703424
"USD","GAS","Gas USD",3.256547,211650576,64992332
"USD","COINX","Coinbase tokenized stock (xStock) USD",326.52444,1959146,6000
"USD","CYCE","Crypto Carbon Energy USD",0.000005001989,0,0
"USD","AMZNX","Amazon tokenized stock (xStock) USD",231.46074,1260932,5447
"USD","PLY","PlayNity USD",0.000186472,0,0
"USD","GOOGLX","Alphabet tokenized stock (xStock) USD",251.73303,5286204,20999
"USD","PEOPLE","ConstitutionDAO USD",0.020215344,102292408,5060137472
"USD","SCARCITY","SCARCITY USD",0.07420132,0,0
"USD","SPYX","SP500 tokenized ETF (xStock) USD",660.46356,10566888,15999
"USD","XIN","Infinity Economics USD",0.00038515998,0,0
"USD","NVDAX","NVIDIA tokenized stock (xStock) USD",177.63425,1359902,7655
"USD","SC","Siacoin USD",0.002948999,165219536,56025636864
"USD","HAN","HanChain USD",0.0012161332,101938,83821504
"USD","UXLINK","UXLINK USD",0.31827155,152679136,479713472
"USD","CRCLX","Circle tokenized stock (xStock) USD",134.76483,6738054,49998
"USD","1CAT","Bitcoin Cats USD",0.00024912105,0,0
"USD","KSM","Kusama USD",15.280571,260518688,17049016
"USD","MCDX","McDonald's tokenized stock (xStock) USD",302.6489,745461,2463
"USD","AR","Arweave USD",6.988373,458803936,65652464
"USD","AIOT","OKZOO USD",1.4095148,116308456,82516664
"USD","INIT","Initia USD",0.34787288,57348796,164855616
"USD","DOLO","Dolomite USD",0.16655697,73555216,441621952
"USD","MSTRX","MicroStrategy tokenized stock (xStock) USD",327.50958,6386282,19499
"USD","PLUME","Plume USD",0.12424421,329247168,2649999872
"USD","STRM","Instrumental Finance USD",0.025565116,0,0
"USD","BERA","Berachain USD",2.2644386,284936672,125831048
"USD","XMR","Monero USD",303.36124,5596027392,18446744
"USD","ZEN","Horizen USD",7.283585,126286632,17338526
"USD","KISHU","Kishu Inu USD",7.04244e-11,6559054,93136099525787650
"USD","ACA","Acala Token USD",0.028837835,33644140,1166666624
"USD","MOB","MobileCoin USD",0.19022815,37741212,198399728
"USD","STO","Storeum USD",0.0000020721297,578,278998368
"USD","EURT","Tether EURt USD",1.1509733,41880856,36387340
"USD","FEG","FEG Token USD",7.034343e-10,0,0
"USD","VTHO","VeThor Token USD",0.0018279509,171866272,94021263360
"USD","TSLAX","Tesla tokenized stock (xStock) USD",410.9673,4520347,10999
"USD","ICBX","ICB Network USD",0.00027259535,5259022,19292413952
"USD","TERA","TERA USD",0.00006100664,0,0
"USD","HOODX","Robinhood tokenized stock (xStock) USD",114.60212,3552648,30999
"USD","CELO","Celo USD",0.30460387,177099824,581410240
"USD","ADM","ADAMANT Messenger USD",0.015819138,1745971,110370832
"USD","TOWNS","Towns USD",0.027286077,57556236,2109362816
"USD","QQQX","Nasdaq tokenized ETF (xStock) USD",591.7714,3550582,5999
"USD","METAX","MetaverseX USD",0.0003510575,965,2750000
"USD","ROSE","Oasis USD",0.028020933,207636608,7410053632
"USD","SNFT","Spain National Fan Token USD",0.0350223,802132,22903472
"USD","BABYDOGE","Baby Doge Coin USD",1.2948954e-9,218473328,168718908230991870
"USD","ERA","Era Token (Era7) USD",0.000893957,41141,46021644
"USD","SWCH","SwissCheese USD",0.18065183,7903300,43748796
"USD","PRAI","Privasea AI USD",0.017794544,4342520,244036608
"USD","REI","Zerogoki USD",0.05929394,0,0
"USD","KENDU","Kendu USD",0.000013811608,13099318,948428144640
"USD","HYPE","Supreme Finance USD",0.0000054038096,8105,1500000000
"USD","MYX","MYX Network USD",0.00066309364,0,0
"USD","APEPE","Angry Pepe USD",5.6560594e-7,0,0
"USD","GLMR","Moonbeam USD",0.06575344,66482036,1011080704
"USD","ASTR","Astar USD",0.023382211,191124832,8173941248
"USD","USTC","TerraClassicUSD USD",0.012897702,72122808,5591911424
"USD","LIMO","Limoverse USD",0.005816224,656703,112908984
"USD","NMR","Numeraire USD",17.374712,131746200,7582640
"USD","BITCI","Bitcicoin USD",0.000028007242,215903,7708828160
"USD","SOLS","SOLS USD",0.0023870387,0,0
"USD","AAPLX","Apple tokenized stock (xStock) USD",236.47546,2128115,8999
"USD","EGX","Enegra (EGX) USD",191.0785,0,0
"USD","PANDORA","Pandora USD",565.2351,5652351,10000
"USD","SORA","SorachanCoin USD",0.013069215,0,0
"USD","PERP","Perpetual Protocol USD",0.25578994,16882688,66002156
"USD","WEPE","Wall Street Pepe USD",0.000052492258,10498451,199999995904
"USD","DEVVE","Devve USD",0.49081516,45955108,93630168
"USD","JJ","JEJE USD",9.26954e-10,0,0
"USD","FIS","StaFi USD",0.111256726,13230123,118915264
"USD","MAMBO","Mambo USD",3.00164e-7,300164,999999995904
"USD","GLQ","Graphlinq Chain USD",0.017860653,6072620,339999904
"USD","EMRLD","The Emerald Company USD",0.0010276998,0,0
"USD","IDEX","IDEX USD",0.02743605,26869600,979353856
"USD","CHKN","Chicken Zilla USD",0.000025087234,0,0
"USD","SHIV","Shiva Inu USD",9.109589e-9,0,0
"USD","GROK","Grok USD",0.0000010713069,0,0
"USD","MOCA","Museum of Crypto Art USD",3.0111275,0,0
"USD","MATT","Matt Furie USD",9.3424603e-7,393027,420690001920
"USD","UFO","Uniform Fiscal Object USD",0.000017536007,0,0
"USD","MK","Meme Kombat USD",0.0069033904,0,0
"USD","RFRM","Reform DAO USD",0.02153005,0,0
"USD","RARI","Rarible USD",0.9554644,18620978,19488928
"USD","MND","Mind Music USD",2.4006073e-11,11959,498189664780288
"USD","OGN","Origin Protocol USD",0.061823823,40666328,657777600
"USD","HEX","HEX USD",0.002471637,0,0
"USD","SEXY","EthXY USD",0.060041916,0,0
"USD","GSWAP","Gameswap USD",0.05596658,617470,11032838
"USD","ORFY","Ordify USD",0.008993179,0,0
"USD","ASTX","Asterix Labs USD",161.28117,1612811,10000
"USD","TET","Tectum USD",0.7151598,7076258,9894653
"USD","NUTS","Squirrel Finance USD",0.061648566,29759,482722
"USD","ROKO","Roko USD",0.000014124613,0,0
"USD","PUFFER","Puffer USD",0.20379896,35858244,175949104
"USD","MMX","MyMetaX USD",8.7793273e-7,0,0
"USD","MZERO","MetaZero USD",0.003837837,0,0
"USD","LKI","Laika AI USD",0.0019317379,827237,428234944
"USD","RATO","Rato The Rat USD",7.203919e-8,0,0
"USD","DPI","DeFi Pulse Index USD",115.47659,64549500,558983
"USD","WISE","Wise Token USD",0.25878477,0,0
"USD","FJO","Fjord Foundry USD",0.07759855,0,0
"USD","ANDY","ANDY USD",3.8513054e-8,0,0
"USD","ORDS","Ordiswap USD",0.000996996,0,0
"USD","BAD","Bad Idea AI USD",7.605304e-9,4705657,618733592641536
"USD","MAVIA","Heroes of Mavia USD",0.15774761,25453314,161354672
"USD","DXY","US Degen Index 6900 USD",0.0019788104,0,0
"USD","DSYNC","Destra Network USD",0.11285231,110025104,974947712
"USD","GSWIFT","GameSwift USD",0.0058180876,2098986,360769184
"USD","WPOKT","Wrapped POKT USD",0.032167032,3199668,99470432
"USD","WNXM","Wrapped NXM USD",101.79054,57512940,565012
"USD","MUBI","Multibit USD",0.0032862506,3121938,950000000
"USD","NMT","NFTMart Token USD",0.00041100843,0,0
"USD","AIOZ","AIOZ Network USD",0.34987193,421035168,1203398016
"USD","DEXT","DEXTools USD",0.5878564,41154244,70007304
"USD","SPELL","Spell Token USD",0.00048587032,81007688,166726975488
"USD","ZND","ZND Token USD",0.30686012,0,0
"USD","RACA","RACA USD",0.0000539945,22227936,411670380544
"USD","TEL","Telcoin USD",0.004960706,451460800,91007369216
"USD","FLUID","Fluid USD",5.618008,431200608,76753296
"USD","ALU","Altura USD",0.022743583,22516146,990000000
"USD","UNCX","UNCX Network USD",190.74799,8893494,46624
"USD","CHAIN","Chain Games USD",0.022807555,0,0
"USD","ANYONE","ANyONe Protocol USD",0.5533853,53955052,97499968
"USD","AMP","Amp USD",0.0033938764,286042720,84282015744
"USD","SOPH","SophiaVerse USD",0.0036108939,0,0
"USD","WTAO","Wrapped TAO USD",337.69412,39598424,117261
"USD","OBOL","Based Finance Next Gen USD",0.09697937,0,0
"USD","DEAI","Zero1 Labs USD",0.048939146,4464290,91221248
"USD","INSP","Inspect USD",0.017430361,13915822,798366784
"USD","PUPPIES","I love puppies USD",1.7018152e-7,0,0
"USD","BASEDAI","BasedAI USD",0.24184377,8367654,34599420
"USD","MORPHO","Morpho Network USD",0.00181254,0,0
"USD","SMARTCREDIT","SmartCredit Token USD",0.1816474,0,0
"USD","SAVM","SatoshiVM USD",0.149416,0,0
"USD","OVR","OVR USD",0.14627478,7459234,50994672
"USD","MCRT","MagicCraft USD",0.00040566345,2043844,5038276096
"USD","EDGEN","LayerEdge USD",0.0067552007,1188915,176000000
"USD","RBC","Rubic USD",0.01063411,1757643,165283584
"USD","BOBO","Bobo Cash USD",4.821091e-7,166322,344989728768
"USD","OCAI","Onchain AI USD",0.0018336037,0,0
"USD","MAZZE","Mazze USD",0.0005347609,0,0
"USD","KIZUNA","KIZUNA USD",1.8915451e-9,0,0
"USD","API3","API3 USD",0.92550325,79983824,86421976
"USD","NURA","Nura Labs USD",0.00009371805,937180,10000000000
"USD","ALVA","Alvara Protocol USD",0.11834055,9072804,76666912
"USD","TURT","Turtle Racing USD",0.00006257141,0,0
"USD","BSSB","BitStable USD",0.035405032,0,0
"USD","COBE","Castle of Blackwater USD",0.0093254885,72822,7808948
"USD","DAFI","DAFI Protocol USD",0.00047538802,541446,1138957696
"USD","AUDIO","Audius USD",0.06107014,82808160,1355951744
"USD","KEKIUS","Kekius Maximus (kekius.club) USD",5.170875e-13,0,0
"USD","PLANET","PLANET USD",1.034647e-10,0,0
"USD","PEW","pepe in a memes world USD",6.072185e-7,0,0
"USD","HEZ","Hermez Network USD",3.9789593,18701108,4700000
"USD","BEFI","BeFi Labs USD",0.0023646795,183604,77644648
"USD","SXT","Space and Time USD",0.07821744,109504416,1400000000
"USD","AXGT","AxonDAO Governance Token USD",0.08168429,0,0
"USD","PFI","PrimeFinance USD",12.499786,0,0
"USD","SHFL","Shuffle USD",0.37477607,123410576,329291488
"USD","URQA","UREEQA USD",0.0013997107,38772,27700088
"USD","BYTES","Neo Tokyo USD",2.0599499,0,0
"USD","AUTOS","AutoSingle USD",0.0027717166,0,0
"USD","PATRIOT","Patriot USD",0.00032717167,3271716,10000000000
"USD","WVTRS","Vitreus USD",0.014665292,0,0
"USD","FLIP","Chainflip USD",0.7572148,0,0
"USD","DOGWIFHAT","dogwifhat (ETH) USD",0.004006727,0,0
"USD","ENQAI","enqAI USD",0.0014734059,0,0
"USD","QANX","QANplatform USD",0.028802298,50983560,1770121344
"USD","NIHAO","NiHao USD",1.4580835e-10,0,0
"USD","ZERC","zkRace USD",0.020067478,2408097,120000000
"USD","TAONU","TAO INU USD",0.001991212,0,0
"USD","BOOE","Book of Ethereum USD",0.27523127,26474774,96191008
"USD","U2U","U2U Network USD",0.006505868,9928017,1526009600
"USD","BYTE","BTC Network Demand Set II USD",323.75,0,0
"USD","SNPAD","SNP adverse USD",0.012215559,0,0
"USD","SBR","Saber USD",0.0012984098,0,0
"USD","TROG","Trog USD",0.0000037804687,1590405,420690001920
"USD","SAMA","Moonsama USD",0.0058394624,0,0
"USD","AKITA","Akita Inu USD",6.0267304e-8,4102488,68071540654080
"USD","STG","StarGod USD",0.00032205545,0,0
"USD","RVF","RocketX exchange USD",0.07030659,6587116,93691312
"USD","MNW","Morpheus.Network USD",0.07205086,3451036,47897216
"USD","FOTTIE","Fottie USD",4.881465e-7,0,0
"USD","ORAI","Oraichain USD",2.4767957,34238480,13823700
"USD","MONKY","Wise Monkey USD",7.3461314e-7,6244212,8499999801344
"USD","OPSEC","OpSec USD",0.003144686,0,0
"USD","VIDYA","Vidya USD",0.019992452,758777,37953208
"USD","FOOM","FOOM USD",1.7574664e-7,0,0
"USD","CAGA","Crypto Asset Governance Alliance USD",0.000028877466,1775735,61492072448
"USD","ROOT","Rootkit Finance USD",1547.8436,0,0
"USD","CORGIAI","CorgiAI USD",0.00013257498,0,0
"USD","PEPECOIN","PepeCoin USD",0.41401383,44323168,107057216
"USD","UBXS","UBXS Token USD",0.011490264,656726,57155072
"USD","ORBS","Orbs USD",0.018106874,72240568,3989676544
"USD","MICRO","Micromines USD",7.3817816e-8,0,0
"USD","CELL","Cellframe USD",0.21822858,6241155,28599168
"USD","SNSY","Sensay USD",0.0013284752,6915812,5205827072
"USD","EXRD","e-Radix USD",0.0043856245,5373411,1225232896
"USD","TANSSI","Tanssi USD",0.046643373,10627267,227840896
"USD","CONAN","Conan USD",2.8605425e-7,0,0
"USD","FUEL","Etherparty USD",0.0001637998,0,0
"USD","KLAUS","Klaus USD",0.00013299457,132994,1000000000
"USD","GEKKO","Gekko HQ USD",0.0000018466783,0,0
"USD","SHROOM","Niftyx Protocol USD",0.008844731,454495,51386056
"USD","PIRATE","PirateCash USD",0.019248402,522850,27163340
"USD","TITANX","TitanX USD",1.8755182e-7,0,0
"USD","SFI","saffron.finance USD",31.26914,2858734,91423
"USD","TWT","Trust Wallet Token USD",0.78294307,326213152,416649888
"USD","ZENT","Zentry USD",0.009788995,74245728,7584611840
"USD","CATCOIN","CatCoin USD",2.4695805e-12,0,0
"USD","CARD","Cardstack USD",0.0006483723,0,0
"USD","LCX","LCX USD",0.14353064,136277904,949469120
"USD","GASS","Gasspas USD",3.216433e-9,1353121,420689999822848
"USD","PORTO","FC Porto Fan Token USD",0.9978806,11304197,11328206
"USD","MDT","Measurable Data Token USD",0.026413867,17859922,676156992
"USD","SAGA","CryptoSaga USD",0.010716833,0,0
"USD","LPT","Livepeer USD",6.766129,300691328,44440672
"USD","ADX","AdEx USD",0.11770434,17408472,147900000
"USD","WBETH","Wrapped Beacon ETH USD",4863.5806,15389309952,3164193
"USD","CATI","Catizen USD",0.086702324,29276458,337666336
"USD","CTK","Cryptyk Token USD",0.00006001167,0,0
"USD","MAV","Maverick Protocol USD",0.06781367,46761164,689553600
"USD","LQTY","Liquity USD",0.7893083,75195536,95267632
"USD","PSG","Paris Saint-Germain Fan Token USD",1.6060832,17809896,11089025
"USD","CHESS","ChessCoin USD",0.07351429,0,0
"USD","PYR","Vulcan Forged (PYR) USD",1.0708044,47146424,44028980
"USD","T","Threshold USD",0.016753653,169751456,10132205568
"USD","JUV","Juventus Fan Token USD",1.1372501,12971505,11406027
"USD","PHA","Phala Network USD",0.1042092,84475200,810630912
"USD","FLUX","Flux USD",0.20652147,80770800,391101216
"USD","TRB","Tellor USD",34.781994,94440208,2715204
"USD","FORTH","Ampleforth Governance Token USD",2.6129112,37478432,14343554
"USD","NANO","Nanomatic USD",0.0018300182,0,0
"USD","MOVR","Moonriver USD",5.6436815,56509012,10012792
"USD","ANKR","Ankr USD",0.01490827,149082704,10000000000
"USD","SANTOS","Santos FC Fan Token USD",1.7917919,24000790,13394854
"USD","IOTX","IoTeX USD",0.026926734,254225216,9441369088
"USD","ICX","ICON USD",0.128125,137831920,1075761280
"USD","STRAX","Stratis [Old] USD",0.043018047,0,0
"USD","NFP","New Frontier Presents USD",0.0070021446,0,0
"USD","HIVE","Hive USD",0.20150784,98350360,488072096
"USD","CYBER","Cyberpunk City USD",0.00068749394,0,0
"USD","WAXP","WAX USD",0.019102458,85102528,4455056384
"USD","RIF","Rootstock Infrastructure Framework USD",0.059830204,59830204,1000000000
"USD","UMA","UMA USD",1.3240136,119259520,90074248
"USD","PAXG","PAX Gold USD",3686.2832,1065340480,289001
"USD","ATM","Atletico De Madrid Fan Token USD",1.3344998,9461079,7089607
"USD","ALPINE","Alpine F1 Team Fan Token USD",1.9551626,36599588,18719460
"USD","HEI","Sohei USD",0.00019388805,0,0
"USD","FORM","Formation Fi USD",0.0002239481,17860,79753016
"USD","NTRN","Neutron USD",0.000687069,26879,39121696
"USD","PIVX","PIVX USD",0.13153811,12685645,96440832
"USD","MAGIC","Magic Token USD",0.112928435,0,0
"USD","DYM","Dymension USD",0.21259657,77798000,365941920
"USD","KDA","Kadena USD",0.3796322,125798568,331369600
"USD","FLM","Flamingo USD",0.033178516,18458186,556329408
"USD","1000SATS","SATS USD",0.00028386834,596123520,2100000063488
"USD","FDUSD","First Digital USD USD",0.9982468,1123551872,1125525120
"USD","GTC","Game.com USD",0.000054961816,0,0
"USD","POLYX","Polymesh USD",0.13219294,131336472,993521088
"USD","ARK","Ark USD",0.46003658,88015120,191322016
"USD","FLOW","Flow USD",0.39852405,640965632,1608348672
"USD","STEEM","Steem USD",0.13206549,69545880,526601472
"USD","SYN","SynLev USD",0.0059008705,72268,12247020
"USD","BAR","FC Barcelona Fan Token USD",1.120189,16141665,14409770
"USD","KAIA","Kaia USD",0.15383507,941430080,6119736320
"USD","OSMO","Osmosis USD",0.16119434,119951760,744143808
"USD","VANA","Nirvana USD",28.367804,0,0
"USD","CVC","Civic USD",0.088111684,88111680,1000000000
"USD","AXL","Axial Entertainment Digital Asset USD",0.0007198033,0,0
"USD","ARPA","ARPA USD",0.022124974,33620816,1519586560
"USD","REQ","Request USD",0.12372332,101972304,824196288
"USD","COS","Contentos USD",0.0032112317,16622808,5176458752
"USD","RLC","iExec RLC USD",1.2402846,107904488,86999784
"USD","UTK","xMoney USD",0.025211785,17751924,704112128
"USD","TAO","Together As One USD",1.2702465e-7,0,0
"USD","AI","Flourishing AI USD",0.0092202565,0,0
"USD","TRU","Truebit USD",0.23845246,0,0
"USD","BNSOL","Binance Staked SOL USD",251.37274,2849613312,11336206
"USD","CFX","Conflux USD",0.17851938,916841984,5135811584
"USD","ACE","ACE USD",0.0028011913,0,0
"USD","ARDR","Ardor USD",0.085284024,85153216,998466240
"USD","CITY","City Coin USD",0.08064356,0,0
"USD","MBL","MovieBloc USD",0.0021629327,40636932,18787887104
"USD","GMT","Gambit USD",0.69603837,0,0
"USD","PROM","Prom USD",9.776164,178415008,18250000
"USD","BEL","Bella Protocol USD",0.24698003,19758402,80000000
"USD","XVS","Venus USD",6.274116,102503128,16337461
"USD","QKC","QuarkChain USD",0.0066846255,47868380,7160966656
"USD","C","Carbon Coin USD",1.04365086e-10,0,0
"USD","PARTI","Particle Network USD",0.17297001,40302012,233000000
"USD","BFUSD","BFUSD USD",1.0003452,1660573184,1660000128
"USD","MINA","Mina USD",0.18219389,228168032,1252336384
"USD","PHB","Phoenix USD",0.5568673,32704920,58730188
"USD","WAN","Wanchain USD",0.103530794,20567018,198656032
"USD","SKL","SKALE USD",0.027420377,163441968,5960602624
"USD","LA","LATOKEN USD",0.010901656,4143779,380105472
"USD","HOME","HOME Coin USD",0.8678967,0,0
"USD","DENT","Dent USD",0.0007298322,72983224,99999997952
"USD","CTSI","Cartesi USD",0.083753504,73761960,880702976
"USD","USDE","USDe USD",1.009221,0,0
"USD","MITO","Musk Ito USD",4.5833772e-8,0,0
"USD","ASR","AS Roma Fan Token USD",2.4578729,19220876,7820126
"USD","HUMA","Huma Finance USD",0.025744317,57753084,2243333376
"USD","LAZIO","S.S. Lazio Fan Token USD",0.91613024,11106173,12122919
"USD","GUN","GUNZ USD",0.024168497,27096914,1121166720
"USD","FUN","FUNToken USD",0.009387344,101441528,10806201344
"USD","SLP","Smooth Love Potion USD",0.0018083801,65078956,35987431424
"USD","HYPER","Hyperchain Classic USD",4.0997045e-7,0,0
"USD","TUT","Tutellus USD",0.013754061,0,0
"USD","AWE","AWE USD",0.06850432,133064184,1942420224
"USD","DGB","DigiByte USD",0.008088469,144804304,17902561280
"USD","XVG","Verge USD",0.0056881127,93978720,16521951232
"USD","OXT","Orchid USD",0.052637845,52491228,997214656
"USD","SOMI","Somnia USD",1.1727166,187869200,160200000
"USD","BANANAS31","Banana For Scale USD",0.0057283556,57283556,10000000000
"USD","MLN","Enzyme USD",7.8122377,23358330,2989966
"USD","USD1","Currency One USD USD",1.0010353,0,0
"USD","SUPER","SuperCoin USD",0.00019976145,10828,54206652
"USD","ATA","Automata Network USD",0.044068087,39537536,897192000
"USD","EURI","Eurite USD",1.1760654,55924672,47552344
"USD","AEUR","Anchored Coins AEUR USD",1.1040846,52918336,47929604
"USD","BICO","Biconomy USD",0.09728854,95471456,981322688
"USD","D","Denarius USD",0.000043100597,0,0
"USD","GHST","Aavegotchi USD",0.45093843,23786010,52747800
"USD","CHEEMS","Cheems USD",0.00015551511,396693,2550834944
"USD","SYS","Syscoin USD",0.04100074,34184760,833759552
"USD","TLM","Alien Worlds USD",0.0046913107,28519010,6079113728
"USD","ACM","Actinium USD",0.0024462484,114849,46949352
"USD","DATA","Streamr USD",0.015139765,17874064,1180603904
"USD","GLM","Golem USD",0.23803522,238035216,1000000000
"USD","LSK","Lisk USD",0.3544734,71149176,200717952
"USD","THETA","Theta Network USD",0.80693704,806937088,1000000000
"USD","RAD","Radworks USD",0.66872746,34490272,51575980
"USD","PUNDIX","Pundi X (New) USD",0.31300655,80876680,258386544
"USD","SXP","Solar USD",0.17297469,113435840,655794432
"USD","IQ","IQ USD",0.0034346804,79252360,23074158592
"USD","BNT","Bancor USD",0.7241457,83412968,115188104
"USD","SCRT","Secret USD",0.1723605,54986648,319021184
"USD","NKN","NKN USD",0.026460653,20964300,792282048
"USD","MTL","Metal DAO USD",0.73243684,63097444,86147288
"USD","AGLD","Adventure Gold USD",0.6604034,57197536,86610000
"USD","DCR","Decred USD",16.40637,279196992,17017598
"USD","POND","Marlin USD",0.008290959,68003928,8202178560
"USD","TKO","Toko Token USD",0.18383685,31105980,169204288
"USD","FARM","Harvest Finance USD",27.82084,18700708,672183
"USD","TFUEL","Theta Fuel USD",0.034421492,243375408,7070449152
"USD","JOE","JOE USD",0.16527261,66614868,403060544
"USD","QI","QiSwap USD",0.0010401236,0,0
"USD","DEXE","DeXe USD",6.940643,581165312,83733648
"USD","BIFI","Bitcoin File USD",0.00023715098,0,0
"USD","MBOX","MOBOX USD",0.06493974,32490810,500322464
"USD","JASMY","JasmyCoin USD",0.014144028,699351424,49444999168
"USD","POWR","Powerledger USD",0.16075219,91319368,568075392
"USD","ALCX","Alchemix USD",9.460939,23459300,2479595
"USD","TOSHI","Toshimon USD",4.2635665,0,0
"USD","BOSON","Boson Protocol USD",0.09300802,13829776,148694448
"USD","LOOM","Loom Network USD",0.0014920094,1854449,1242920960
"USD","STMX","StormX USD",0.00011351448,1402184,12352473088
"USD","REEF","Reef USD",0.00031979207,6720652,21015693312
"USD","FORT","Fortress USD",0.5205949,0,0
"USD","POPCAT","Popcat USD",4.6033233e-11,0,0
"USD","NOBODY","Nobody Sausage USD",0.061694793,57750420,936066304
"USD","TRAC","OriginTrail USD",0.373985,186991792,499998112
"USD","BTRST","Braintrust USD",0.19485229,47027168,241347776
"USD","OCEAN","Ocean Protocol USD",0.2818002,0,0
"USD","PTB","Portal To Bitcoin USD",0.06484826,109315448,1685711360
"USD","PRIME","SolanaPrime USD",0.017207997,0,0
"USD","ULTI","Ulti Arena USD",1.00025304e-7,0,0
"USD","ASP","Aspire USD",0.0058647725,0,0
"USD","SIS","Symbiosis USD",0.075200185,4614884,61367996
"USD","POLS","Polkastarter USD",0.19964674,19806880,99209632
"USD","BLOK","Bloktopia USD",0.00021844199,5415633,24792088576
"USD","B3","B3 (Base) USD",0.0028396554,60463844,21292670976
"USD","RSIC","RSIC•GENESIS•RUNE USD",0.003818611,0,0
"USD","HEMI","Hemi USD",0.04675616,45704144,977500032
"USD","OORT","Oort Digital USD",0.23649788,0,0
"USD","VELVET","Velvet USD",0.15603368,13928977,89269048
"USD","NAVX","NAVI Protocol USD",0.039035376,23595236,604457728
"USD","TJRM","Tajir Tech Hub USD",0.006527482,4209931,644954944
"USD","FIR","Fireverse USD",0.080440156,17223042,214110000
"USD","XEN","XEN Crypto USD",3.021242e-8,0,0
"USD","KARRAT","KARRAT USD",0.04919767,19927596,405051616
"USD","GORA","Gora Network USD",0.021533398,0,0
"USD","PLENA","Plena Finance USD",0.0008564615,0,0
"USD","SILLY","Silly Dragon USD",0.0012217135,1221683,999975744
"USD","MEA","MECCA USD",0.014682413,3053938,207999760
"USD","SCA","Scaleswap USD",1.9970194e-7,0,0
"USD","IRON","Iron USD",2.3057823,0,0
"USD","PIPPIN","pippin USD",0.020218618,20218542,999996224
"USD","MILK","Milk Token USD",1.4277115e-9,0,0
"USD","AGENT","AgentLayer USD",0.0010376594,645391,621968512
"USD","VEMP","VEMP USD",0.00074387126,292290,392931200
"USD","CHEX","Chintai USD",0.09981224,99604424,997917952
"USD","LAIR","Lair Finance USD",0.0069242446,0,0
"USD","EYWA","EYWA USD",0.0029390743,293657,99914816
"USD","CHO","Choise.ai USD",0.0039624246,1791024,452002176
"USD","COLLAT","Collaterize USD",0.012708761,0,0
"USD","NUM","Numbers Protocol USD",0.013503323,11202794,829632320
"USD","BGSC","BugsCoin USD",0.008155264,94303392,11563499520
"USD","CAW","CAW(A Hunters Dream) USD",5.6329686e-8,0,0
"USD","WAGMIGAMES","WAGMI Games USD",0.000005191018,11420240,2200000004096
"USD","OVER","OverProtocol USD",0.012823037,0,0
"USD","IDOL","IDOL USD",0.0026433894,0,0
"USD","GODS","Gods Unchained USD",0.11724746,46198756,394027776
"USD","REACT","Rebase Aggregator Capital USD",0.000068359295,0,0
"USD","UNIT0","UNIT0 USD",0.30462345,1553349,5099246
"USD","TOMI","TOMI USD",0.00084579573,0,0
"USD","PAPARAZZI","Paparazzi Token USD",0.0016084127,0,0
"USD","GRIFFAIN","GRIFFAIN USD",0.0387278,38723196,999881088
"USD","4EVER","4EVERLAND USD",0.0022225052,0,0
"USD","ELA","Elastos USD",2.1193643,48531060,22898876
"USD","IRC","IRIS Chain USD",0.12666462,0,0
"USD","WILD","Wilder World USD",0.28882447,122499336,424130752
"USD","POKT","Pocket Network USD",0.032503262,73417152,2258762496
"USD","BULLA","Bulla USD",0.000064397405,0,0
"USD","ULTIMA","Ultima USD",7569.199,283156160,37409
"USD","PROPS","Props Token USD",0.0024207574,1242728,513363584
"USD","SCPT","Script Network USD",0.00045829464,312010,680808000
"USD","SLAY","Pepe Slayer USD",0.027828334,0,0
"USD","UNFI","Unifi Protocol DAO USD",0.21075545,2012430,9548650
"USD","NC","Nodepay USD",0.018774359,3331931,177472448
"USD","Q","QSTaR USD",0.00012427583,1192566,9596124160
"USD","MAGA","MAGA Coin USD",0.00009210057,0,0
"USD","XCH","Chia USD",9.881708,142412464,14411726
"USD","FTN","Fasttoken USD",4.488939,1958351232,436261504
"USD","PYUSD","PayPal USD USD",0.99943525,1254503680,1255212544
"USD","E4C","E4C USD",0.0037791566,484624,128236048
"USD","SPA","Sperax USD",0.010506489,21519416,2048202240
"USD","HGPT","HyperGPT USD",0.010386446,8305694,799666688
"USD","SEAM","Seamless USD",0.39721182,0,0
"USD","AERO","Aerovek Aviation USD",0.00014265883,0,0
"USD","PEPU","Pepe Unchained (Old) USD",0.0003272697,2144259,6551964160
"USD","ALCH","Alchemist AI USD",0.091187276,77509184,850000000
"USD","DMAIL","DMAIL Network USD",0.030456327,3625288,119032352
"USD","OLAS","Autonolas USD",0.23715803,42742820,180229264
"USD","IN","Invictus USD",0.11907978,0,0
"USD","VVAIFU","Dasha USD",0.0022947236,2279342,993297024
"USD","MBG","MultiBank Group USD",1.1999596,99705152,83090424
"USD","DEFI","Defi USD",0.04604169,0,0
"USD","TMAI","Token Metrics AI USD",0.000523564,0,0
"USD","AURORA","HyperAurora USD",0.0012734702,0,0
"USD","GPU","Node AI USD",0.22961341,22518034,98069336
"USD","CEC","Counter Fire USD",0.0014813243,0,0
"USD","THL","Thala USD",0.06827688,3346617,49015380
"USD","NODE","Whole Network USD",0.000004652459,0,0
"USD","WAFFLES","Waffles Davincij15's Cat USD",0.0049756397,4450543,894466560
"USD","FLT","Fluence USD",0.034859244,7397081,212198560
"USD","CROSS","CROSS USD",0.23244236,77920000,335222880
"USD","ARG","Argentine Football Association Fan Token USD",0.9252612,8373143,9049491
"USD","GHIBLI","Ghiblification USD",0.0017852763,1785053,999875072
"USD","MTP","MetaPlanetZone USD",1.0965495e-10,0,0
"USD","BARS","Banksters Token USD",0.00032598508,0,0
"USD","SAFE","SafeCoin USD",0.0455389,1263024,27735062
"USD","TOKEN","TOKE.N USD",7.431675e-10,0,0
"USD","SWFTC","SwftCoin USD",0.009032396,90323960,10000000000
"USD","BOMB","BOMB USD",0.057174414,0,0
"USD","H","Humanity Protocol USD",0.04378311,90266648,2061677440
"USD","MPLX","Metaplex USD",0.28948826,241107552,832875072
"USD","YULI","Yuliverse USD",0.00019091995,0,0
"USD","TA","THE Ape USD",0.000006746654,0,0
"USD","PIN","Public Index Network USD",0.00026428487,40264,152351008
"USD","CESS","CESS Network USD",0.0053980197,14304753,2649999872
"USD","WEMIX","WEMIX USD",0.72869384,332095488,455740768
"USD","ICNT","Impossible Cloud Network USD",0.24533242,41026000,167226160
"USD","DMC","DMEX (Decentralized Mining Exchange) USD",0.0014730952,0,0
"USD","CHEQ","cheqd USD",0.022190623,14257316,642492800
"USD","SLC","Solar Company USD",0.000020484937,0,0
"USD","BOUNTY","Chainbounty USD",0.042087123,20923942,497157824
"USD","CLANKER","tokenbot USD",37.5862,37586200,1000000
"USD","SAI","Simpsons AI USD",1.000215e-18,0,0
"USD","TRIO","Tripio USD",0.000029167775,109379,3750000128
"USD","EGO","EGO USD",0.17195141,0,0
"USD","M","MetaVerse-M USD",0.0004806715,0,0
"USD","WMTX","World Mobile Token USD",0.2365112,166213936,702774080
"USD","HINT","Hintchain USD",0.000019113946,0,0
"USD","SOON","Soonaverse USD",0.08358019,0,0
"USD","COREDAO","coreDAO USD",1.6913317,0,0
"USD","APU","Apreum USD",0.36737648,0,0
"USD","ELDE","Elderglade USD",0.009153239,1237721,135222224
"USD","CARV","CARV USD",0.29846984,88111112,295209440
"USD","DMTR","Dimitra USD",0.01286784,6260245,486503168
"USD","REX","Rex Inu USD",0.0000069178714,0,0
"USD","GEMS","Safegem USD",2.2979886e-12,0,0
"USD","LNQ","LinqAI USD",0.02499992,6015156,240607024
"USD","BAL","Balancer USD",1.2439787,83547920,67161856
"USD","ALI","AiLink Token USD",0.000030786035,159595,5184020480
"USD","VULPEFI","Vulpe Finance USD",0.0054424778,357017,65598256
"USD","APEX","ApeXit Finance USD",0.003701788,0,0
"USD","RADAR","Radar USD",0.03131399,0,0
"USD","ZEX","Zeta USD",0.060122356,11289151,187769600
"USD","XPR","XPR Network USD",0.006357214,177405168,27906117632
"USD","VENOM","Venom USD",0.14926742,147613424,988919296
"USD","ML","Mintlayer USD",0.020676082,1327375,64198608
"USD","5IRE","5ire USD",0.0009977487,1461335,1464633216
"USD","STAU","STAU USD",0.017546518,0,0
"USD","DAG","Constellation USD",0.032497704,93380472,2873448192
"USD","TAKER","Taker USD",0.013553511,2304097,170000000
"USD","UDS","Undeads Games USD",1.8554868,84977592,45798008
"USD","MUMU","Mumu USD",2.3346056e-9,0,0
"USD","BONDX","BONDX USD",0.0067697177,0,0
"USD","SFUND","Seedify.fund USD",0.41605636,30856736,74164800
"USD","RTF","Ready to Fight USD",0.01154896,0,0
"USD","BSW","Biswap USD",0.014708159,9950674,676541120
"USD","BONE","Bone USD",0.000977306,0,0
"USD","LMWR","LimeWire USD",0.104053535,38341156,368475264
"USD","COCORO","Cocoro (cocorosolana.xyz) USD",0.000022900893,0,0
"USD","PAW","PAW USD",7.063853e-9,0,0
"USD","SHRAP","Shrapnel USD",31.079128,0,0
"USD","AVNT","Avantis USD",1.224109,295787200,241634704
"USD","PUBLIC","PublicAI USD",0.06360117,12811094,201428576
"USD","BOBA","Boba Network USD",0.095700726,16424563,171624224
"USD","DCK","DexCheck AI USD",0.0047439374,3217412,678215680
"USD","VELO","Velo USD",0.01521133,267169904,17563875328
"USD","MAMO","Mamo USD",0.08173969,31446040,384709600
"USD","WHITE","Whiteheart USD",4853.8745,43141236,8888
"USD","HIP","HIPPO TOKEN USD",7.4107004e-7,0,0
"USD","MLC","Mithila Coin USD",0.08861346,0,0
"USD","AUSD","Avaware USD USD",0.020708986,0,0
"USD","DADDY","Crypto Journey USD",0.03901573,0,0
"USD","XION","XION USD",0.9228661,37574396,40714896
"USD","MYRIA","Myriad Social USD",0.00011962611,0,0
"USD","KULA","KULA USD",0.4240164,0,0
"USD","REN","Ren USD",0.00807363,8068224,999330496
"USD","XP","PolkaFantasy USD",0.005514417,0,0
"USD","OPUS","Opus USD",0.008246584,8246066,999937216
"USD","SUIP","SuiPad USD",0.016623175,0,0
"USD","FLOCK","FLock.io USD",0.3574864,80514312,225223424
"USD","MCADE","Metacade USD",0.01296103,20959698,1617132032
"USD","REAL","Real Realm USD",0.00020098576,0,0
"USD","FOXY","Foxy Equilibrium USD",0.0035965156,0,0
"USD","SERAPH","Seraph USD",0.25934145,72207640,278426912
"USD","FLY","Franklin USD",0.00013302587,0,0
"USD","CREO","Creo Engine USD",0.005009844,3005906,600000000
"USD","DIMO","DIMO USD",0.06699019,26588040,396894560
"USD","CTC","Creditcoin USD",0.61243314,297897312,486416064
"USD","HOSICO","Hosico USD",0.014037223,14037199,999998336
"USD","RDO","Rodeo Finance USD",0.0020523532,0,0
"USD","DFC","Defi Connect (old) USD",6.7247474e-10,0,0
"USD","RIO","Realio Network USD",0.28937036,49591392,171376896
"USD","DCB","Decubate USD",0.010866335,4129517,380028480
"USD","MEMEFI","MemeFi (memefi.cash) USD",0.000009229138,0,0
"USD","LEVER","LeverFi USD",0.00007224301,4030130,55785746432
"USD","KNINE","K9 Finance USD",0.0000025244342,1015509,402272223232
"USD","LEOX","LEOX USD",0.059883535,0,0
"USD","SPICE","Spice USD",0.00008526109,0,0
"USD","LOFI","LOFI-DEFI USD",0.0000014087361,0,0
"USD","SNEK","SoliSnek USD",0.009950862,0,0
"USD","XCN","Cryptonite USD",0.0010394383,0,0
"USD","WOD","World of Defish USD",0.0000051395937,0,0
"USD","SAPIEN","Sapien USD",0.27490285,68725712,250000000
"USD","IVPAY","IVPAY USD",0.0017271547,1600829,926859264
"USD","AIN","AI Network USD",0.007849436,0,0
"USD","KORI","Kori Inu USD",1.5214083e-7,0,0
"USD","STOP","Satopay Network USD",2.5878348e-9,0,0
"USD","IP","Story USD",9.631199,3007673344,312284416
"USD","HMND","Humanode USD",0.016907876,2510396,148474976
"USD","AREA","Areum USD",0.012612452,1490305,118161456
"USD","TAG","TagCoin USD",0.00443576,0,0
"USD","NAORIS","Naoris Protocol USD",0.06648488,39841732,599260032
"USD","MAY","Theresa May Coin USD",0.0009827244,0,0
"USD","LYNX","Lynex USD",0.011071177,322897,29165560
"USD","COLS","Cointel USD",0.029653052,16793912,566346816
"USD","MPT","MeetPle USD",0.00016509919,0,0
"USD","LSD","Pontem Liquidswap USD",0.06879214,0,0
"USD","AERGO","Aergo USD",0.106080994,51449284,485000000
"USD","SD","Stader USD",0.6344233,33804904,53284460
"USD","BLZ","Bluzelle USD",0.0340101,16002500,470521984
"USD","BNKR","Bankroll Network USD",0.0266246,0,0
"USD","XPL","Plasma USD",0.6558275,0,0
"USD","GOG","Guild of Guardians USD",0.008260579,6509754,788050688
"USD","PSTAKE","pSTAKE Finance USD",0.028239008,12415309,439651040
"USD","PEAQ","peaq USD",0.11429673,140245920,1227033600
"USD","GINI","GiniAI USD",0.004430276,0,0
"USD","FURY","Engines of Fury USD",0.024436807,1173037,48002896
"USD","SQD","Subsquid USD",0.081293084,61204920,752892160
"USD","DOGINME","doginme USD",0.00046176228,31224046,67619307520
"USD","NEXA","Nexa USD",9.756138e-7,5716726,5859619897344
"USD","ACS","ACryptoS USD",0.2714295,0,0
"USD","NEON","Neonic Finance USD",0.0002696659,0,0
"USD","GFI","Gravity Finance USD",0.0002640237,93006,352267200
"USD","EGL1","EGL1 USD",0.04035838,40358380,1000000000
"USD","SLERF","SLERF USD",0.08825773,44128664,499997760
"USD","SNAI","SwarmNode.ai USD",0.0068186964,6818378,999953280
"USD","CSIX","Carbon browser USD",0.003056127,1212014,396585056
"USD","VISTA","Vista Finance USD",16.597277,0,0
"USD","XTER","Xterio USD",0.09770166,13837556,141630720
"USD","PURR","PURR Vault (NFTX) USD",126.50161,0,0
"USD","FIRE","Fireball USD",3.25203,63952,19665
"USD","ZEUS","ZeusNetwork USD",1.6493544e-7,11545,70000001024
"USD","SERSH","Serenity USD",0.06790476,2819633,41523348
"USD","ABT","ArcBlock USD",0.6832164,67333912,98554304
"USD","CLORE","Clore.ai USD",0.013447279,7912013,588372800
"USD","APX","APX USD",0.09830773,58850920,598639808
"USD","ESE","Eesee USD",0.0058355425,3269595,560289856
"USD","PUSH","Push Protocol USD",0.035490833,3202568,90236480
"USD","REDX","REDX USD",0.0039130677,15542990,3972072448
"USD","VGX","VGX Token USD",0.0023305835,1271344,545504832
"USD","YALA","Yala USD",0.13097784,32267702,246360000
"USD","XRD","Radix USD",0.00447902,53038408,11841521664
"USD","RETIK","Retik Finance USD",0.00072161685,0,0
"USD","DNX","Dynex USD",0.04729899,4947599,104602632
"USD","JERRY","Jerry Inu USD",4.9298107e-14,0,0
"USD","OKB","OKB USD",197.44124,4146266112,21000000
"USD","GFAL","Games for a Living USD",0.004732445,16273826,3438777856
"USD","MAJOR","Major USD",0.1601655,13349774,83349872
"USD","CAMP","Camp USD",0.0000012497215,0,0
"USD","AIS","AISwap USD",1.2390848e-10,0,0
"USD","ZAI","ZAIBOT USD",0.009942466,52149,5245086
"USD","ZEREBRO","Zerebro USD",0.019886384,19885494,999955264
"USD","NAKA","Nakamoto Games USD",0.3048481,32241850,105763648
"USD","AZERO","Aleph Zero USD",0.02272773,6063280,266778944
"USD","TAKE","Takemichi Inu USD",1.869274e-8,0,0
"USD","GORK","New XAI gork USD",0.01013799,10137929,999993920
"USD","KIP","KIP Protocol USD",0.000394925,0,0
"USD","LQR","Laqira Protocol USD",0.083983414,7442942,88623952
"USD","ARCA","Legend of Arcadia USD",0.013121854,0,0
"USD","BBT","BitBook USD",0.0007640789,0,0
"USD","MORE","More Coin USD",0.0023096912,0,0
"USD","RWA","Xend Finance USD",0.01731705,1853504,107033504
"USD","TPTU","Trading and Payment Token USD",1.1642264,0,0
"USD","AIO","OLAXBT USD",0.13276696,30569592,230250000
"USD","ONTACT","OnTact USD",0.039997775,0,0
"USD","CTA","cybertrashanimal USD",0.00019245598,0,0
"USD","KOMA","Koma Inu USD",0.020846192,10209506,489754048
"USD","SOSO","SoSoValue USD",0.66742307,183385552,274766592
"USD","SUT","SuperTrust USD",6.5708613,13302658,2024492
"USD","MICHI","Michiverse USD",0.000018374913,0,0
"USD","BOMO","BOMO USD",0.008755803,3335961,381000000
"USD","VERT","Vertus USD",0.001085611,572333,527199616
"USD","CATGOLD","Cat Gold Miner USD",0.00007689853,184556,2400000000
"USD","SWELL","Swell Network USD",0.009631013,25329532,2629996800
"USD","REALIS","Realis Worlds USD",0.0012541172,1254108,999993024
"USD","STORM","Storm Token USD",0.0052944617,0,0
"USD","ARIA","Legends of Aria USD",0.0002611436,0,0
"USD","STETH","Lido Staked ETH USD",4502.551,38748422144,8605882
"USD","PWEASE","Pwease USD",0.0044608926,4460549,999923136
"USD","QTLX","Quantlytica USD",0.018291468,0,0
"USD","AKE","AKEDO USD",0.0010622215,24214668,22796249088
"USD","ALPHA","Stella USD",0.015968654,15138284,948000000
"USD","ATN","Athene Network USD",0.000018375253,0,0
"USD","COQ","Coq Inu USD",4.9228623e-7,34174508,69420001001472
"USD","AICELL","AICell USD",0.0025378296,0,0
"USD","BLUM","Blum USD",0.029411415,5065085,172214928
"USD","LIGHT","Light USD",0.0044636573,286877,64269692
"USD","SAMO","Samoyedcoin USD",0.0017059154,6238762,3657134592
"USD","KOIN","Koinon USD",0.0055015604,0,0
"USD","RION","Hyperion USD",0.3759181,7002381,18627412
"USD","SIN","SINOVATE USD",0.00027180536,180401,663717056
"USD","PAAL","PAAL AI USD",0.07931039,78559000,990526016
"USD","HAPPY","HappyCoin USD",1.1134661e-9,0,0
"USD","BALL","Game 5 BALL USD",0.0034452989,0,0
"USD","CREDI","Credefi USD",0.004395779,3290565,748573888
"USD","PNK","Kleros USD",0.02952114,23773218,805294720
"USD","MNSRY","Mansory USD",0.034780305,31301866,899988224
"USD","QAI","QuantixAI USD",102.75997,82665776,804455
"USD","AIC","AIC (Artificial Intelligence Coin) USD",21.49778,0,0
"USD","WIFI","Wifi Coin USD",0.0016779912,0,0
"USD","BRG","Bridge AI USD",0.00029399456,2352593,8002167296
"USD","FLR","Flare USD",0.022776082,1686338816,74039894016
"USD","SOLO","Sologenic USD",0.30836123,122967056,398776000
"USD","MTV","MultiVAC USD",0.00047804456,1714922,3587369472
"USD","KTA","Keeta USD",0.9128799,386017472,422856800
"USD","NST","Newsolution USD",0.00035181662,0,0
"USD","A8","Ancient8 USD",0.1040809,36266488,348445152
"USD","MOBILE","Helium Mobile USD",0.00035260103,31480218,89280004096
"USD","HSK","HashKey Platform Token USD",0.3914721,121830040,311210016
"USD","KLK","Klickl Token USD",0.43522188,43522188,100000000
"USD","WELL","WELL USD",0.011557443,1584294,137080000
"USD","BDXN","BONDEX USD",0.041672077,6667532,160000000
"USD","AZUR","Azuro Protocol USD",0.005814978,1167317,200743296
"USD","GATA","Gata USD",0.03467644,6068377,175000000
"USD","ALEO","Aleo USD",0.22840963,107862328,472231968
"USD","MOONPIG","moonpig USD",0.0021061546,2106009,999931264
"USD","MNDE","Marinade USD",0.16022618,0,0
"USD","TORSY","TORSY USD",0.00074046216,518323,699999680
"USD","CROWN","KingPad USD",0.0775603,0,0
"USD","GAIA","GAIA Everworld USD",0.0002177811,0,0
"USD","NOS","Nosana USD",0.92440695,44554256,48197664
"USD","ARTY","Arty's World USD",0.000004560192,0,0
"USD","THINK","Think Protocol USD",0.01261957,0,0
"USD","RSS3","RSS3 USD",0.04149295,34287408,826343040
"USD","OPAI","Optopia USD",0.000017440916,0,0
"USD","ROG","ROGin AI USD",0.21463475,14378354,66989872
"USD","EVDC","EVDC Network USD",0.00003034214,0,0
"USD","SRX","StorX Network USD",0.08871933,64361264,725448000
"USD","SOLVEX","Solvex Network USD",0.114862315,5689290,49531388
"USD","IGT","Ignite USD",0.10305698,0,0
"USD","SDM","Shieldeum USD",0.0026441517,774177,292788736
"USD","ESPORTS","Yooldo USD",0.15154095,19449578,128345360
"USD","VITA","VitaDAO USD",1.7744207,0,0
"USD","FAI","Fairum USD",0.10743397,0,0
"USD","F","SynFutures USD",0.014466678,36377024,2514539008
"USD","AGI","Delysium USD",0.04859535,74250392,1527932032
"USD","IKA","Linkka USD",0.000036246478,0,0
"USD","GIGA","GigaPool USD",0.0000029916177,0,0
"USD","XAUM","Matrixdock Gold USD",3702.1394,46152896,12466
"USD","BELLS","Bellscoin USD",0.19455582,11874042,61031544
"USD","LEASH","Doge Killer USD",15.732761,29212380,1856786
"USD","LSETH","Liquid Staked ETH USD",4862.816,1623769344,333915
"USD","RTM","Raptoreum USD",0.00019965696,0,0
"USD","SQTS","Sqts (Ordinals) USD",5.9997333e-11,0,0
"USD","ANON","ANON USD",0.013005551,98761,7593802
"USD","MXC","MXC USD",0.00071902183,2181531,3034027008
"USD","EWT","Energy Web Token USD",1.129463,33954072,30062138
"USD","MIR","MIR COIN USD",0.001911337,0,0
"USD","EUROP","EURØP USD",1.1734143,0,0
"USD","KAR","Karura USD",0.025249522,2945777,116666656
"USD","B2M","Bit2Me USD",0.016042147,0,0
"USD","BADGER","Badger DAO USD",1.0630661,21338262,20072376
"USD","SRM","Serum USD",0.018441824,4854711,263244672
"USD","JUNO","JUNO USD",0.06420164,0,0
"USD","KINT","Kintsugi USD",0.18992694,0,0
"USD","SDN","Shiden Network USD",0.03598278,2420829,67277432
"USD","STEP","Step Finance USD",0.0535575,11858080,221408400
"USD","KEEP","Keep Network USD",0.07952055,76958960,967787072
"USD","KEY","SelfKey USD",0.00030284084,1817045,6000000000
"USD","CQT","Covalent USD",0.0019581676,0,0
"USD","EURC","EURC USD",1.1753947,235854000,200659408
"USD","MONA","MonaCoin USD",0.12816352,8424146,65729676
"USD","OAS","Oasys USD",0.011131634,54164644,4865830912
"USD","CRPT","Crypterium USD",0.029451527,2787827,94658160
"USD","GRS","Groestlcoin USD",0.29279026,25884360,88405816
"USD","CAS","Cashaa USD",0.00138108,1381080,1000000000
"USD","EOS","EOS USD",0.47095838,0,0
"USD","YFII","DFI.Money USD",79.225716,3057795,38596
"USD","RFOX","RFOX USD",0.00028755056,377266,1312000768
"USD","EFX","Effect AI (old) USD",0.000117137446,29538,252168528
"USD","CLOAK","CloakCoin USD",0.034026165,206565,6070794
"USD","KMD","Komodo USD",0.032147117,4370525,135953872
"USD","ATT","Attila USD",0.001361655,3472220,2550000128
"USD","KAI","KaiChain USD",0.0008845872,4223903,4775000064
"USD","BNS","BNS Token USD",0.00024975283,0,0
"USD","REP","Augur USD",0.96189123,10580804,11000000
"USD","NCASH","Nitro Network USD",0.000003413048,25001,7325209600
"USD","DEP","DEAPcoin USD",0.001618769,48389704,29892900864
"USD","QLC","Kepple USD",0.003303328,1981996,600000000
"USD","POC","POC Blockchain USD",0.32603574,0,0
"USD","RFR","Refereum USD",0.000020954505,104755,4999180288
"USD","GARI","Gari Network USD",0.004262041,2393294,561537152
"USD","PCNT","Playcent USD",0.00090219395,33061,36645236
"USD","TRACE","Trace Network Labs USD",0.0011461907,0,0
"USD","WPR","WePower USD",0.00003776426,0,0
"USD","NRG","Energi USD",0.037328716,3700719,99138680
"USD","BNSD","BNSD Finance USD",0.000213527,0,0
"USD","SYLO","Sylo USD",0.00035280563,2271945,6439652352
"USD","DBC","DeepBrain Chain USD",0.0006372845,3459787,5428952064
"USD","SFM","SafeMoon V2 USD",0.000006704629,0,0
"USD","SOUL","Phantasma USD",0.029454522,3656166,124129200
"USD","LET","LinkEye USD",0.0001136179,0,0
"USD","BUSD","BUSD USD",0.99993086,55022420,55026224
"USD","ETN","Electroneum USD",0.0031269158,56221376,17979817984
"USD","RFUEL","RioDeFi USD",0.0015081955,519650,344550848
"USD","MYNE","ITSMYNE USD",0.0016891505,0,0
"USD","POLY","Polymath USD",0.07714714,0,0
"USD","CVT","CyberVein USD",0.0002269425,240650,1060404480
"USD","PART","Particl USD",0.10264159,1563577,15233375
"USD","SKY","Skycoin USD",0.03404358,0,0
"USD","BGB","Bitget Token USD",4.9229555,3427711232,696271040
"USD","WBT","WhiteBIT Coin USD",43.390926,0,0
"USD","LIF3","LIF3 USD",0.015965436,0,0
"USD","NYM","NYM USD",0.04984155,40726364,817116736
"USD","RRT","Recovery Right Token USD",0.7551,0,0
"USD","SHM","Shardeum USD",0.060265023,1168126,19383158
"USD","GT","GateToken USD",16.949718,1396070400,82365408
"USD","CNHT","Tether CNHt USD",0.13408193,0,0
"USD","AMPL","Ampleforth USD",1.2869781,36388656,28274494
"USD","JUSTICE","AssangeDAO USD",0.00007085847,0,0
"USD","HI","HI USD",0.00007732625,4799645,62070067200
"USD","USDF","FolgoryUSD USD",2.142394,0,0
"USD","MXNT","Tether MXNt USD",0.060907733,0,0
"USD","KAN","KAN USD",0.0007113588,6888968,9684238336
"USD","WUSD","Wault USD USD",0.72997713,0,0
"USD","SDEX","SmarDex USD",0.004583148,42478700,9268455424
"USD","ANLOG","Analog USD",0.0011342232,2106354,1857089408
"USD","SKATE","Skate USD",0.052844547,11289856,213642784
"USD","0X0","0x0.ai USD",0.010341188,8981978,868563456
"USD","BRIC","Redbrick USD",0.008736609,2054050,235108496
"USD","MASA","Masa USD",0.017834907,20905082,1172144128
"USD","CBK","Cobak Token USD",0.5309463,51369780,96751360
"USD","SNT","Status USD",0.025785537,123626424,4794409472
"USD","MAPO","MAP Protocol USD",0.0046312637,27929322,6030604800
"USD","AVAAI","avaai.top USD",0.021836517,0,0
"USD","CORE","cVault.finance USD",10416.938,0,0
"USD","BGSOL","Bitget SOL Staking USD",258.6103,701496,2712
"USD","CRETA","Creta World USD",0.0034953125,5125203,1466307456
"USD","ELX","Energy Ledger USD",3.8383474e-9,0,0
"USD","WEETH","Wrapped eETH USD",4838.2505,12042086400,2488934
"USD","INTER","Inter Milan Fan Token USD",0.5109581,5174978,10127991
"USD","RLUSD","Ripple USD USD",0.999886,729649600,729732800
"USD","PPT","Populous USD",0.07375234,3927478,53252244
"USD","KILO","KiloEx USD",0.025393737,5375854,211700000
"USD","SWGT","SmartWorld Global USD",0.0678593,0,0
"USD","DTEC","Dtec USD",0.016042707,1734516,108118704
"USD","AQT","Alpha Quark Token USD",1.0516337,28190306,26806200
"USD","AZIT","Azit USD",0.013113674,4733169,360933856
"USD","ZKL","zkLink USD",0.015575633,5487876,352337312
"USD","GAME","GameCredits USD",0.0005699328,110466,193823776
"USD","DEUSD","Elixir deUSD USD",0.9982038,126943304,127171728
"USD","TREAT","Treat DAO [old] USD",1.7816702,1781670,1000000
"USD","WAI","Wanaka Farm WAIRERE Token USD",0.000083689636,0,0
"USD","KUB","KUB Coin USD",1.555729,107306056,68974776
"USD","MAK","MetaCene USD",0.005506599,2869390,521082176
"USD","ELF","aelf USD",0.19497822,154742400,793639360
"USD","ALPH","Alephium USD",0.2306405,27860596,120796624
"USD","MBX","MobieCoin USD",0.000034991866,0,0
"USD","PAWS","PawStars USD",2.1928747e-8,0,0
"USD","MX","MX Token USD",2.6639755,249016000,93475336
"USD","AL","ArchLoot USD",0.0848717,66503404,783575744
"USD","ROAM","Roam USD",0.11328533,35646608,314662144
"USD","ISLAND","Island Doges USD",2.6145353e-9,0,0
"USD","FAIR3","Fair and Free USD",0.029510967,27616782,935814208
"USD","LAT","PlatON USD",0.003166082,21192734,6693677568
"USD","EARNM","EARNM USD",0.0004744008,0,0
"USD","NERO","Nero Token USD",0.00013464215,0,0
"USD","GEAR","Bitgear USD",0.0013190147,113762,86247928
"USD","VT","Virtual Tourist USD",0.003058861,0,0
"USD","MASSA","Massa USD",0.038965683,0,0
"USD","NESS","Darkness Share USD",0.000012747489,0,0
"USD","IAG","IAGON USD",0.1443196,54267116,376020448
"USD","ALE","Ailey USD",0.52190065,205063472,392916672
"USD","GHO","GHO USD",0.99950343,352606560,352781760
"USD","USDS","Stably USD USD",1.0250196,473526,461967
"USD","UPC","UPCX USD",2.8254566,264901392,93755248
"USD","AFC","Apiary Fund Coin USD",0.00007717156,0,0
"USD","VR","Victoria VR USD",0.0031416183,19939382,6346850816
"USD","OIK","Space Nation Oikos USD",0.020219265,5027166,248632496
"USD","PHY","DePHY Network USD",0.008548367,617982,72292496
"USD","KLV","Klever Coin USD",0.0026844179,23839726,8880780288
"USD","A47","AGENDA 47 USD",0.030649103,30648808,999990400
"USD","MOEW","donotfomoew USD",0.00061115704,3789173,6199998976
"USD","UNITE","Unite Finance USD",0.10463919,0,0
"USD","PCI","Paycoin USD",0.09584045,101138960,1055284736
"USD","ZKWASM","ZKWASM USD",0.068303466,6982132,102222224
"USD","COREUM","Coreum USD",0.14013247,53921860,384792064
"USD","RCADE","RCADE USD",0.00029522597,2450299,8299741184
"USD","TOMA","Tomarket USD",6.988503e-7,0,0
"USD","XPLA","XPLA USD",0.03522508,29050268,824704128
"USD","EUL","Euler USD",9.3172865,185177616,19874630
"USD","FCT","Factom USD",0.69207865,7240689,10462235
"USD","GHX","GamerCoin USD",0.021965116,14276560,649965120
"USD","ADP","Adappter Token USD",0.0016256406,7534572,4634832896
"USD","LWA","LumiWave USD",0.013821162,10643338,770075456
"USD","AHT","AhaToken USD",0.0035511826,24733724,6964926464
"USD","POLA","Polaris Share USD",0.014895504,7834957,525994752
"USD","GRACY","Gracy USD",0.016822394,2913078,173166720
"USD","TDROP","ThetaDrop USD",0.001376665,0,0
"USD","MED","MediBloc USD",0.0053654695,54084412,10080090112
"USD","GRND","SuperWalk USD",0.04909627,35258804,718156416
"USD","TEMCO","TEMCO USD",0.0014108871,5605816,3973256448
"USD","TT","ThunderCore USD",0.00257033,32488550,12639836160
"USD","BORA","BORA USD",0.08875389,97607088,1099750016
"USD","CRTS","Cratos USD",0.00019442584,9585131,49299677184
"USD","OBSR","Observer USD",0.0014470206,8981774,6207080960
"USD","MVC","MileVerse USD",0.0038202542,10547836,2761029888
"USD","MVL","MVL USD",0.0029413279,80012824,27202959360
"USD","EL","ELYSIA USD",0.0044544484,21833680,4901544960
"USD","FITFI","Step App USD",0.0014094214,5764533,4089999872
"USD","WIKEN","Project WITH USD",0.0038821679,4088015,1053023936
"USD","BOA","BOSagora USD",0.0069773905,3943247,565146432
"USD","TOKAMAK","Tokamak Network USD",1.278667,56058620,43841456
"USD","LBL","LABEL AI USD",0.0012290234,3315794,2697909760
"USD","WNCG","Nine Chronicles USD",0.015764795,8504137,539438464
"USD","BLY","Blocery USD",0.003898181,3800726,975000000
"USD","AMO","AMO Coin USD",0.00074413454,15775652,21199998976
"USD","EVZ","Electric Vehicle Zone USD",0.0021855084,5165169,2363372032
"USD","BIOT","BioPassport Token USD",0.00097066147,7998050,8239793664
"USD","MOC","Moss Coin USD",0.061385617,26610032,433489696
"USD","ROA","ROA CORE USD",0.009272421,5581997,602000000
"USD","DKA","dKargo USD",0.014800089,74000448,5000000000
"USD","TAVA","ALTAVA USD",0.00922467,6419244,695877952
"USD","HUNT","Hunt Town USD",0.24883582,31395038,126167680
"USD","MEV","MEVerse USD",0.0054987776,9494437,1726644992
"USD","FANC","fanC USD",0.004349109,6296040,1447662080
"USD","DVI","Dvision Network USD",0.006895488,6895488,1000000000
"USD","STAT","STAT USD",0.0854025,6483615,75918328
"USD","SPURS","Tottenham Hotspur Fan Token USD",0.44425133,4442432,9999817
"USD","LM","LeisureMeta USD",0.0022495117,7239097,3218074880
"USD","APM","apM Coin USD",0.0026561,4038335,1520400384
"USD","SIX","SIX Token USD",0.021807844,18557746,850966592
"USD","CTXC","Cortex USD",0.068268925,15872685,232502352
"USD","NCT","PolySwarm USD",0.022917073,43210160,1885500800
"USD","BFC","Bit Financial USD",7.477941e-7,0,0
"USD","SOFI","RAI Finance USD",0.0056153494,3359698,598306240
"USD","ZTX","ZTX USD",0.0016968526,7135180,4204949760
"USD","MLK","MiL.k USD",0.14549543,72064640,495305152
"USD","CLEAR","Clear Water USD",0.000051912153,0,0
"USD","JFIN","JFIN Coin USD",0.14528312,0,0
"USD","RNDR","Render USD",6.799348,2668467712,392459392
"USD","LYX","LUKSO USD",0.9036034,27592348,30535906
"USD","SPE","SavePlanetEarth USD",0.008048344,0,0
"USD","FLUXB","Fluxbot USD",0.011802051,0,0
"USD","LF","Linkflow Finance USD",0.27548164,0,0
"USD","KEL","KelVPN USD",0.002360269,0,0
"USD","BZZ","Swarm USD",0.14045668,7388113,52600660
"USD","DORA","Dora Factory (old) USD",2.2080848,11328757,5130580
"USD","ORNJ","Orange USD",0.0045627444,437795,95950000
"USD","G1X","GoldFinX USD",0.0011183969,0,0
"USD","GPRO","GoldPro Token USD",12.268129,0,0
"USD","ZCD","ZChains USD",0.008004623,0,0
"USD","CIRX","Circular Protocol USD",0.0045128604,0,0
"USD","OGY","ORIGYN USD",0.0020762372,16254116,7828640768
"USD","BLD","Agoric USD",0.0053892513,0,0
"USD","KANG","Kangamoon USD",0.00044007457,0,0
"USD","BURT","BURT USD",0.0004684521,0,0
"USD","LBT","Law Blocks (AI) USD",0.13081309,32048942,244997984
"USD","WBX","Wibx USD",0.0037774201,0,0
"USD","CVTX","Carrieverse USD",0.000021004083,4361,207650400
"USD","GNY","GNY USD",0.004246898,817004,192376656
"USD","GPCX","Good Person Coin USD",0.0010001945,0,0
"USD","TROY","TROY USD",0.000105963634,1059636,10000000000
"USD","BMX","BitMart Token USD",0.30471522,98813544,324281600
"USD","MODE","Mode USD",0.0016096651,4024163,2500000000
"USD","HAROLD","Harold USD",4.4691066e-7,0,0
"USD","ARARA","Araracoin USD",0.0005738456,20801902,36250001408
"USD","LAIKA","LaikaProtocol USD",7.0094264e-10,0,0
"USD","KIMA","Kima Network USD",0.062376782,4049889,64926224
"USD","RUNI","Runesterminal USD",0.05809786,0,0
"USD","ULX","ULTRON USD",0.0025332486,0,0
"USD","ORBT","ORBITA USD",0.0002724055,0,0
"USD","LIBERTA","The Libertarian Dog USD",0.00022404356,134426,600000000
"USD","PROTO","Protofi USD",0.000011997389,0,0
"USD","SPXC","SpaceXCoin USD",4.2079693e-10,0,0
"USD","GNUS","GENIUS AI USD",1.7310874,0,0
"USD","AKTIO","Vancelian USD",0.11448986,0,0
"USD","CEM","Crypto Emergency USD",0.51793706,0,0
"USD","FAKT","Medifakt USD",0.00043008363,0,0
"USD","FRBK","FreeBnk USD",0.00053361716,0,0
"USD","POR","Portugal National Team Fan Token USD",0.8442204,4710696,5579937
"USD","OZO","Ozone Chain USD",0.12960412,0,0
"USD","STRUMP","Super Trump Coin USD",0.00016805198,308775,1837382528
"USD","BTAF","BTAF token USD",0.05593628,0,0
"USD","GOGLZ","GOGGLES USD",0.18690434,6492703,34738104
"USD","KUBE","KubeCoin USD",0.00018007187,34192,189882160
"USD","BTCV","BitcoinV USD",0.0005647821,0,0
"USD","NDAU","Ndau USD",6.790974,0,0
"USD","PLASTIK","Plastiks USD",0.0002722202,41500,152452352
"USD","RITE","ritestream USD",0.001247085,908776,728720832
"USD","PAXU","Pax Unitas USD",0.0000011769677,0,0
"USD","VMC","VMS Classic USD",500.0489,0,0
"USD","XRPAYNET","XRPayNet USD",0.000035506902,199319,5613529600
"USD","WQT","WorkQuest Token USD",0.00001599311,92049,5755555328
"USD","DIONE","Dione Protocol USD",0.0009402415,10903098,11596061696
"USD","ABEY","Abey USD",0.06863046,0,0
"USD","VOLR","Volare Network USD",0.60133225,0,0
"USD","ORT","Omni Real Estate Token USD",5.1852524e-8,0,0
"USD","ANEX","AstroNexus USD",0.0070020603,0,0
"USD","SABAI","Sabai Protocol USD",0.0076531153,4090985,534551616
"USD","PBUX","Playbux USD",0.0014043236,538582,383517248
"USD","HXD","Honeyland USD",0.0045255353,0,0
"USD","VALOR","Valor Token USD",0.0012657274,63662,50297124
"USD","DUET","Duet Protocol USD",0.00022268809,0,0
"USD","WXM","WeatherXM USD",0.097675964,0,0
"USD","SOLVE","SOLVE USD",0.0002018712,141335,700124992
"USD","XI","Xi Token USD",0.00149284,0,0
"USD","AEROBUD","Aerobud USD",0.008198314,7952365,970000000
"USD","L1X","Layer One X USD",18.74753,0,0
"USD","BENJI","Benji Bananas USD",0.0020490529,0,0
"USD","RENTA","Renta Network USD",0.00992593,4118964,414970144
"USD","LAI","LaikaDog USD",3.038349e-7,0,0
"USD","SISC","Shirushi Coin USD",1.2376196,0,0
"USD","OMAX","Omax Coin USD",0.00017978252,1558354,8667997184
"USD","ZKP","Panther Protocol USD",0.006274929,0,0
"USD","QUAI","QUAI DAO USD",0.00244476,97325,39809808
"USD","CYBA","CYBRIA USD",0.00012265115,0,0
"USD","SEIYAN","Seiyan Token USD",0.0029097514,0,0
"USD","SOLAMA","Solama USD",0.003492121,2283386,653868096
"USD","LMR","Lumerin USD",0.0029328843,1779131,606614976
"USD","WPAY","WPAY USD",0.17829216,0,0
"USD","VELAR","Velar USD",0.0014151481,0,0
"USD","SG","SocialGood USD",0.015601848,0,0
"USD","GGMT","GG MetaGame USD",0.0008857624,0,0
"USD","ZETRIX","Zetrix USD",15.095073,0,0
"USD","RAI","Rai Reflex Index USD",1.9690701,1232635,625998
"USD","SKID","Success Kid USD",0.0051199966,444122,86742696
"USD","VICS","RoboFi USD",0.02958658,0,0
"USD","NPCS","Non-Playable Coin Solana USD",0.0033472145,3245843,969714752
"USD","XAH","Xahau USD",0.04024051,0,0
"USD","MMON","Mammon USD",0.0016214628,0,0
"USD","CHEEL","Cheelee USD",2.2385662,127213496,56828116
"USD","GORILLA","GORILLA FINANCE USD",0.00021336279,0,0
"USD","RENQ","Renq Finance USD",0.001448109,0,0
"USD","AUDT","Australian Dollar Token USD",0.6577121,0,0
"USD","ARX","ARCS USD",0.015531979,0,0
"USD","BROCK","Bitrock USD",0.013072033,1241206,94951280
"USD","PURPE","Purple Pepe USD",0.000037853566,15793030,417213808640
"USD","OBICOIN","OBI Real Estate USD",0.025679523,0,0
"USD","SHIBDOGE","ShibaDoge USD",2.9913074e-17,3728031,9223372036854776000
"USD","MESA","myMessage USD",1.986164e-8,0,0
"USD","TANPIN","Tanpin USD",0.08818498,0,0
"USD","HELLO","HELLO Labs USD",0.008528823,6239523,731580736
"USD","XLAB","XcelToken Plus USD",5.10517e-7,22973,44999839744
"USD","USDG","DGTEK TOKEN USD",6.9197097,0,0
"USD","GIZA","GizaDao USD",25.822199,0,0
"USD","XR","XRADERS USD",0.02046175,993013,48530252
"USD","AQUA","Planet USD",1.6232613,0,0
"USD","BIDZ","BIDZ Coin USD",0.001591694,1352939,850000000
"USD","TBCC","TBCC USD",0.00045643596,0,0
"USD","SHARDS","SolChicks Shards USD",1.3061831,0,0
"USD","UGOLD","UGOLD Inc. USD",3880.3357,0,0
"USD","MINIMA","Minima USD",0.020307893,8177311,402666656
"USD","CARR","Carnomaly USD",0.001299557,0,0
"USD","PIKA","Pika USD",2.0402453e-9,0,0
"USD","FREE","FREEdom Coin USD",3.910736e-8,388688,9938999967744
"USD","TITS","TitsGrow USD",0.00016367056,0,0
"USD","ABDS","ABDS Token USD",0.0029611222,9029,3049500
"USD","ATOZ","Race Kingdom USD",0.029434437,0,0
"USD","LWC","Linework Coin USD",0.0062011774,0,0
"USD","AIBOT","AiBot Token USD",0.3462078,0,0
"USD","KSN","KISSAN USD",0.057078157,1219202,21360224
"USD","DOVU","DOVU USD",0.0083183665,0,0
"USD","BLENDR","Blendr Network USD",0.019740658,790769,40057908
"USD","MCDULL","McDull USD",0.0000042015063,31744714,7555555786752
"USD","CRH","Crypto Hunters Coin USD",0.00034370457,0,0
"USD","QBX","QBX USD",0.003998639,0,0
"USD","GMMT","Giant Mammoth USD",0.008159292,13982962,1713747072
"USD","LION","Lion Token USD",0.000004300682,0,0
"USD","UFD","Unicorn Fart Dust USD",0.021669209,21669208,1000000000
"USD","VOLT","Bitvolt USD",0.0009827244,0,0
"USD","EDGE","Edge USD",0.3785919,0,0
"USD","USDN","SMARDEX USDN USD",1.0251325,4089098,3988849
"USD","LIXX","Libra Incentix USD",0.000029505736,0,0
"USD","DIAM","DIAM USD",0.011197714,16077284,1435764864
"USD","ZBU","Zeebu USD",1.9151154,0,0
"USD","BNBULL","BNBULL USD",0.000009977376,0,0
"USD","PUMPAI","PUMPAI USD",0.00011930443,40934,343107072
"USD","HUND","HUND USD",0.0016413071,656409,399930944
"USD","GSYS","Genesys Token USD",0.00012298458,0,0
"USD","THOL","AngelBlock USD",0.0002700525,0,0
"USD","SUMMIT","Summit Defi USD",0.0041976064,0,0
"USD","RMV","Reality Metaverse USD",0.002566878,641445,249893120
"USD","AURA","Aurora Finance USD",0.000017952078,0,0
"USD","DLC","Dollarcoin USD",0.0011526109,0,0
"USD","GALAXIS","GALAXIS Token USD",0.00024829156,823304,3315878656
"USD","KASPY","Kaspy USD",0.000014143431,0,0
"USD","OVL","Overlay USD",0.13025017,1556310,11948627
"USD","FARTLESS","FARTLESS COIN USD",0.0012116221,0,0
"USD","GURU","BitGuru Finance USD",0.0000053983686,0,0
"USD","ZEON","ZEON USD",0.00031806185,9710110,30528999424
"USD","MOLI","Mobile Liquidity USD",0.019479988,0,0
"USD","ASRR","Assisterr AI USD",0.08560372,1251526,14620000
"USD","HSUITE","HbarSuite USD",0.00036791153,0,0
"USD","SKI","Skillchain USD",0.0022604396,0,0
"USD","UPO","UpOnly USD",0.006107956,695038,113792288
"USD","BEER2","Beercoin 2 USD",4.0538882e-7,0,0
"USD","SNIFT","StarryNift USD",0.006046881,1023603,169278000
"USD","CHILLHOUSE","Chill House USD",0.007522905,0,0
"USD","USHARK","uShark USD",0.0000643125,0,0
"USD","BLXM","bloXmove Token USD",0.0034634431,0,0
"USD","QLINDO","Qlindo USD",0.0010149052,0,0
"USD","MRHB","MRHB DeFi Network USD",0.0012320853,0,0
"USD","BLASTUP","BlastUP USD",0.00041708394,0,0
"USD","NIGELLA","Nigella Coin USD",0.32527587,0,0
"USD","HOTCROSS","Hot Cross USD",0.00020413291,23220,113750000
"USD","KUNCI","Kunci Coin USD",0.00024442753,301277,1232584320
"USD","ANML","Animal Concerts USD",0.00002585405,0,0
"USD","VINU","Viral Inu USD",1.480365e-8,0,0
"USD","YTC","YachtsCoin USD",0.00021063413,210616,999915072
"USD","SHX","Stronghold SHx USD",0.021641186,125386976,5793905152
"USD","MATH","MATH USD",0.09638273,11021959,114356168
"USD","RAMA","Ramestta USD",0.037007194,0,0
"USD","GBEX","Globiance Exchange Token USD",3.5696535e-9,0,0
"USD","APTM","Apertum USD",1.3586727,76922112,56615632
"USD","TRAVA","TRAVA.FINANCE USD",0.00010245014,434057,4236764416
"USD","O4DX","OrangeDX USD",0.0030414413,0,0
"USD","ONI","ONINO USD",0.038221616,0,0
"USD","BAG","Basis Gold USD",0.007683653,0,0
"USD","SARA","Pulsara USD",0.0060167513,0,0
"USD","BECX","BETHEL USD",0.012041031,0,0
"USD","RBNT","Redbelly Network USD",0.011849232,25227464,2129037824
"USD","SHA","Safe Haven USD",0.00007620447,229059,3005855488
"USD","TGT","THORWallet USD",0.017670609,0,0
"USD","B3TR","VeBetterDAO USD",0.081772566,0,0
"USD","EMR","Emorya Finance USD",0.004889612,4095603,837613120
"USD","DUKO","DUKO USD",0.00023803921,2300400,9663955968
"USD","USDM","USD mars USD",0.9900108,0,0
"USD","AOL","AOL Coin USD",7.76285e-11,0,0
"USD","DORKY","Dork Lord USD",0.04572895,0,0
"USD","AIAKITA","AiAkita USD",7.1649406e-14,0,0
"USD","ORCAI","ORCA USD",0.00023516674,0,0
"USD","LGCT","Legacy Token USD",1.9290239,204745536,106139448
"USD","TICO","Funtico USD",0.0025611476,5478999,2139274880
"USD","ALON","Alon USD",0.0065912073,6577773,997961728
"USD","BZR","Bazaars USD",54.101486,0,0
"USD","PTX","PlatinX USD",0.0022982964,0,0
"USD","BKN","Baskonia Fan Token USD",0.0013191829,0,0
"USD","RAKE","RakeIn USD",0.00053306477,0,0
"USD","SNS","Synesis One USD",0.0016527233,754059,456252768
"USD","ISP","Ispolink USD",0.00030086545,2359663,7842919936
"USD","GMEX","Game Coin USD",0.00007301616,0,0
"USD","RIDE","holoride USD",0.0009667317,850626,879899584
"USD","CCT","Carbon Credit USD",0.021501075,365276,16988760
"USD","BBL","Basket Legends USD",0.0004840027,0,0
"USD","PTOY","Patientory USD",0.002023953,0,0
"USD","AMB","Ascendia (ex AirDAO) USD",0.0000915828,539745,5893528064
"USD","CHMPZ","Chimpzee USD",0.000044876942,0,0
"USD","NEI","Neurashi USD",0.0018300203,502759,274729088
"USD","ATPAY","AtPay USD",0.11798017,0,0
"USD","ERG","Ergo USD",0.80667657,66092444,81931776
"USD","PARMA","Parma Token USD",0.0000018914732,0,0
"USD","CRYN","CRYN USD",1.1608369,0,0
"USD","PAYS","Payslink USD",0.00029917195,0,0
"USD","DBX","DBX USD",0.000021384642,0,0
"USD","CENX","Centralex USD",0.023543965,0,0
"USD","VSC","Vari-Stable Capital USD",8.3554866e-8,0,0
"USD","BFHT","BeFaster Holder Token USD",0.0031189278,0,0
"USD","LOVE","Love Coin USD",0.0012313658,0,0
"USD","GOC","GoCrypto Token USD",0.0014070587,345121,245278432
"USD","NULS","NULS USD",0.007797161,887114,113774032
"USD","MILO","Milo Inu USD",3.7278127e-9,0,0
"USD","BSOL","BlazeStake Staked SOL USD",290.93854,271906560,934584
"USD","MEMEAI","Meme AI USD",0.000022736742,0,0
"USD","MINAR","Miner Arena USD",0.021775886,0,0
"USD","GHUB","GemHUB USD",0.024362113,2889793,118618320
"USD","GMCOIN","GMCoin USD",0.05970788,2458978,41183480
"USD","QIE","QIE Blockchain USD",0.009301818,0,0
"USD","TUP","TenUp USD",0.010651767,1122395,105371800
"USD","PROTEO","Proteo DeFi USD",0.018302677,0,0
"USD","NBLU","NuriTopia USD",0.001463414,2866103,1958504704
"USD","MEMAGX","Meta Masters Guild Games USD",0.00039207624,0,0
"USD","RABI","Rabi USD",0.00019310611,0,0
"USD","FXY","Floxypay USD",0.012113195,0,0
"USD","XRUN","XRUN USD",0.0456842,0,0
"USD","IXS","IXS USD",0.092048086,16568655,180000000
"USD","MMSS","MMSS (Ordinals) USD",0.0010002268,0,0
"USD","IPX","Tachyon Protocol USD",0.000044226028,11802,266858528
"USD","ADS","Adshares USD",0.5489449,21266914,38741436
"USD","PORT3","Port3 Network USD",0.031027487,15509003,499847232
"USD","KCS","KuCoin Token USD",15.8189,2014688000,127359544
"USD","HNTR","Hunter Token / Digital Arms USD",0.0011499381,175578,152685472
"USD","STPT","STP USD",0.06683239,129816528,1942419328
"USD","WELT","Fabwelt USD",0.00018295752,41895,228991728
"USD","LUXY","LUXY USD",0.00530845,0,0
"USD","GRP","Grape USD",1.150398,305826,265844
"USD","3ULL","PLAYA3ULL GAMES USD",0.000004900575,0,0
"USD","PLXY","Plxyer USD",0.01822596,0,0
"USD","LBR","Little Bunny Rocket USD",4.2818527e-11,0,0
"USD","WIT","Witnet USD",0.00079815235,0,0
"USD","NAC","Nowlage Coin USD",0.0054949685,0,0
"USD","SKEY","Skey Network USD",0.00804496,3700792,460013792
"USD","ZGD","Zambesigold USD",0.050009724,0,0
"USD","MTVT","Metaverser USD",0.00088317174,147589,167113232
"USD","PLAY","HEROcoin USD",0.0008605197,152332,177023648
"USD","IDNA","Idena USD",0.0028853319,240297,83282416
"USD","BRN","Brainaut Defi USD",0.00060475606,0,0
"USD","LITH","Lithium USD",0.0000064627147,33878,5242220032
"USD","WALV","Wrapped Alvey Chain USD",0.0013308838,425882,320000000
"USD","IMPT","IMMOPET Token USD",0.0004997956,0,0
"USD","BDY","Buddy DAO USD",0.0022957446,0,0
"USD","BNX","BinaryX [Old] USD",318.8616,0,0
"USD","VICA","ViCA Token USD",0.000098059085,0,0
"USD","PNG","Pangolin USD",0.13955218,31311878,224373968
"USD","XPET","xPET tech USD",0.0082681915,0,0
"USD","GOMT","GoMeat USD",0.26207584,0,0
"USD","STREETH","STREETH USD",0.000031554817,0,0
"USD","AVINOC","AVINOC USD",0.008789436,3421239,389244480
"USD","FLZ","Fellaz USD",0.22292729,105193800,471874944
"USD","ZENIQ","Zeniq USD",0.0026846677,0,0
"USD","DOGECOIN","Buff Doge Coin USD",2.6248232e-9,0,0
"USD","XRPH","XRP Healthcare USD",0.044202022,3125468,70708712
"USD","COMBO","COMBO USD",0.0055837887,473281,84760000
"USD","MCONTENT","MContent USD",5.127583e-10,0,0
"USD","VELA","Vela Exchange USD",0.0026158313,0,0
"USD","NEOM","Neom USD",22.999279,49214304,2139819
"USD","JESUS","Jesus Coin USD",3.362773e-8,5092129,151426487549952
"USD","OOE","OpenOcean USD",0.0029349825,0,0
"USD","TLC","TLChain USD",4.7608585,0,0
"USD","PRI","PRIVATEUM GLOBAL USD",4.0760064,0,0
"USD","ELK","Elk Finance USD",0.03003394,0,0
"USD","KRU","Kingaru USD",0.0006790618,0,0
"USD","GODE","Gode Chain USD",0.0078011905,0,0
"USD","KATA","Katana Inu USD",0.00012919457,4818824,37298974720
"USD","MTH","Monetha USD",0.00080015557,281724,352086976
"USD","MUSIC","Smart Music USD",0.0023727475,0,0
"USD","B3X","Bnext Token USD",0.00015803397,0,0
"USD","ECOTERRA","ecoterra USD",0.00020574,0,0
"USD","0XDEV","DEVAI USD",0.026294593,22205,844494
"USD","CEEK","CEEK VR USD",0.009856407,7941482,805717760
"USD","POLK","Polkamarkets USD",0.008392636,839251,99998568
"USD","DBD","Day By Day USD",0.0012557436,0,0
"USD","NIZA","Niza Global [Old] USD",0.000026859161,205555,7653082624
"USD","PEPEBRC","PEPE (Ordinals) USD",0.023494475,0,0
"USD","JOY","Joystream USD",0.0011916782,1299461,1090446336
"USD","DEOD","Decentrawood USD",0.008788069,4396922,500328640
"USD","METO","Metoshi USD",0.000019510317,0,0
"USD","MVEDA","Medicalveda USD",0.0021000295,0,0
"USD","LGC","LiveGreen Coin USD",0.000033021053,0,0
"USD","CGO","Comtech Gold USD",118.333435,16685015,141000
"USD","OHO","Oho USD",0.0012660674,30542478,24123895808
"USD","QUACK","RichQUACK.com USD",3.3729264e-10,14869870,44085962392731650
"USD","MZR","Mizar USD",0.0012125495,0,0
"USD","AFIN","Asian Fintech USD",0.0009580193,0,0
"USD","BST","Blocksquare Token USD",0.0882279,5341400,60540948
"USD","REBUS","Rebuschain USD",0.0008437525,0,0
"USD","TBC","TeraBlock USD",0.000766149,0,0
"USD","MEOW","Meowshi USD",0.000023987666,0,0
"USD","GPT","Grace Period Token USD",20.00665,0,0
"USD","PLI","Plugin Decentralized Oracle USD",0.021845993,3306733,151365664
"USD","BMEX","BitMEX Token USD",0.2457726,0,0
"USD","MV","GensoKishi Metaverse USD",0.009285716,3758006,404708320
"USD","BITO","BitoPro Exchange Token USD",0.16533668,0,0
"USD","SHEN","Shen USD",0.98830116,0,0
"USD","NXRA","Nexera USD",0.007870664,8246051,1047694400
"USD","HAI","Hacken Token USD",0.008000135,6666823,833338688
"USD","LOVESNOOPY","I LOVE SNOOPY USD",1.5013414e-10,0,0
"USD","STIMA","STIMA USD",1.0001689,0,0
"USD","ECS","eCredits USD",0.0014047015,0,0
"USD","XDB","XDB CHAIN USD",0.0006135946,10552397,17197670400
"USD","HZN","Xpanse USD",0.0024565575,296523,120707112
"USD","CATS","CATCOIN USD",4.2069245e-10,0,0
"USD","GRIMACE","GrimaceCoin USD",0.0557721,0,0
"USD","SX","SX Network USD",0.05479126,0,0
"USD","CLV","CLV USD",0.019703826,24120260,1224140928
"USD","WAM","WAM USD",0.0013997465,650574,464780352
"USD","JOULE","Joule USD",0.003564693,0,0
"USD","SNTR","Sentre Protocol USD",0.011077382,0,0
"USD","LINGO","Lingo USD",0.026797222,13028973,486206144
"USD","QSP","Quantstamp USD",0.0061852033,4415010,713801920
"USD","FXD","Fathom Dollar USD",0.72158825,0,0
"USD","PIXFI","Pixelverse USD",0.00036643606,1081749,2952081920
"USD","BPINKY","BPINKY USD",0.000008219939,0,0
"USD","VOW","Vow USD",0.052998334,18882526,356285280
"USD","TOKO","Tokoin USD",0.00024780043,463614,1870917376
"USD","JAV","Javsphere USD",0.0038102036,0,0
"USD","ELIZA","Eliza (elizawakesup) USD",0.0021269412,2126857,999960384
"USD","NOIA","Synternet USD",0.055874888,11901343,212999856
"USD","EXFI","Experimental Finance USD",0.014601164,707157,48431572
"USD","KLIMA","KlimaDAO USD",0.11507059,920261,7997365
"USD","SHOOT","Mars Battle USD",0.00018675678,17131,91733592
"USD","LUFFY","Luffy USD",4.60039e-10,0,0
"USD","EQ9","EQ9 USD",0.000022514378,0,0
"USD","WELD","WELD USD",0.0011198216,0,0
"USD","RPR","The Reaper USD",0.0110026905,0,0
"USD","PAIN","Pain (paintoken.com) USD",1.5170412,7585099,4999929
"USD","RJV","Rejuve.AI USD",0.0054185987,4167263,769066624
"USD","PRO","Propy USD",0.70624244,70624248,100000000
"USD","CSC","CasinoCoin USD",0.00008680184,0,0
"USD","COOK","Cook Finance USD",0.012762836,11150006,873630720
"USD","FOXSY","Foxsy AI USD",0.0051437174,3401003,661195648
"USD","XSPECTAR","xSPECTAR USD",0.019303754,0,0
"USD","NKCLC","NKCL Classic USD",0.19786847,0,0
"USD","HXRO","HXRO USD",0.0011462533,0,0
"USD","WEFI","WeFi USD",0.017063318,714668,41883332
"USD","BMAX","BMAX USD",0.032116245,0,0
"USD","SGB","SubGame USD",0.007905836,0,0
"USD","TREMP","Doland Tremp USD",0.01863086,0,0
"USD","KROM","Kromatika USD",0.012134004,974126,80280672
"USD","PXP","PointPay USD",0.018420165,552605,30000000
"USD","KITTY","Kitty Inu USD",2.8022083e-7,0,0
"USD","EQ","Equilibrium USD",0.000010029226,0,0
"USD","SLN","Smart Layer Network USD",0.03729047,1490951,39982104
"USD","ZON","Zon Token USD",0.04446605,0,0
"USD","JAM","Tune.FM USD",0.000066012835,1961183,29709129728
"USD","REDO","Resistance Dog USD",0.087593794,0,0
"USD","SDAO","SingularityDAO USD",0.037855167,3131879,82733200
"USD","COPI","Cornucopias USD",0.015188492,15681855,1032482688
"USD","RBLS","Rebel Bots USD",0.00030005068,36994,123295296
"USD","SIPHER","Sipher USD",0.026356885,2365401,89745088
"USD","FRED","FRED Energy USD",0.0009801912,0,0
"USD","XRDOGE","XRdoge USD",0.000029945228,0,0
"USD","DFI","DeFiChain USD",0.0015073473,1249498,828939008
"USD","OHM","Olympus v2 USD",22.845695,0,0
"USD","SUNDAE","SundaeSwap USD",0.005131784,0,0
"USD","GCOTI","COTI Governance Token USD",0.009661878,0,0
"USD","ROUTINE","Morning Routine USD",0.00013103591,0,0
"USD","NEWM","NEWM USD",0.00037318195,0,0
"USD","GOLDEN","Golden Inu USD",1.9443804e-12,0,0
"USD","DROP","DropArb USD",1.9287518e-11,0,0
"USD","SYL","myDID USD",0.00019456675,1503696,7728437248
"USD","AIPEPE","AI Pepe USD",0.00037046327,0,0
"USD","RIZ","Rivalz Network USD",0.0017689293,2035963,1150957824
"USD","KOM","Kommunitas USD",0.0006125624,0,0
"USD","SMOLE","smolecoin USD",0.000049757942,0,0
"USD","PNDC","Pond Coin USD",1.08836474e-7,0,0
"USD","KLY","Klayr USD",0.003584697,0,0
"USD","DCD","Digital Currency Daily USD",0.000003833942,0,0
"USD","LTX","Lattice Token USD",0.062312815,1785504,28653896
"USD","DJED","Djed USD",0.99411225,3274013,3293404
"USD","KINIC","Kinic USD",1.2254072,3515227,2868620
"USD","URO","Urolithin A USD",0.0016250681,1624288,999520000
"USD","NYXC","Nyxia AI USD",0.011604804,0,0
"USD","AION","Aion USD",0.0009801906,0,0
"USD","LQ","Liqwid Finance USD",2.8339038,57081604,20142394
"USD","TAOCAT","TAOCat by Virtuals & Masa USD",0.00075207854,752078,1000000000
"USD","IGNIS","Ignis USD",0.00068013225,517678,761143936
"USD","SMILEY","SMILEY USD",1.7297399e-12,0,0
"USD","AVT","Aventus USD",1.6957363,10174418,6000000
"USD","DOPU","DOPU The Dog with A Purpose USD",0.003398832,0,0
"USD","FTHM","Fathom Protocol USD",0.0028023373,0,0
"USD","BFIC","Blockchain Foundation for Innovation & Collaboration USD",0.85726625,9068526,10578424
"USD","TIGRES","Tigres Fan Token USD",0.1238,346630,2799927
"USD","WECAN","Wecan Group USD",0.0028241386,2336615,827372800
"USD","EURCV","EUR CoinVertible USD",1.176138,66117720,56215948
"USD","CTX","Cryptex Finance USD",1.4811229,11216824,7573189
"USD","TAI","TAI USD",0.08060606,0,0
"USD","VEUR","VNX Euro USD",1.1741761,3245519,2764082
"USD","XSGD","XSGD USD",0.7813787,11003969,14082760
"USD","SMT","SmartMesh USD",0.00017455078,0,0
"USD","VCHF","VNX Swiss Franc USD",1.258965,5123826,4069871
"USD","TRUF","Truflation [Old] USD",0.066757895,0,0
"USD","GYEN","GYEN USD",0.006372757,13375020,2098780800
"USD","FTM","Fantom USD",0.69689536,1953840128,2803634944
"USD","XCHNG","Chainge USD",0.0023864107,1131268,474046144
"USD","ZUSD","Zytara dollar USD",0.9196529,0,0
"USD","OL","Open Loot USD",0.0410416,25927254,631731072
"USD","BID","BLOCKIDCOIN USD",0.00020589016,0,0
"USD","LRDS","BLOCKLORDS USD",0.13430202,5541982,41265072
"USD","VSN","Vision Network USD",0.00035077627,0,0
"USD","CFG","Centrifuge USD",0.2777578,156853152,564711936
"USD","IMO","IMO USD",1.7211978,0,0
"USD","QORPO","QORPO WORLD USD",0.013669595,5382622,393766016
"USD","MEE","Medieval Empires USD",0.0049970956,2795432,559411456
"USD","KASTA","Kasta USD",0.011089775,8468324,763615552
"USD","BOOP","Boop USD",0.033123773,0,0
"USD","DNT","district0x USD",0.02852958,28529580,1000000000
"USD","CEUR","Celo Euro USD",1.1734506,3781247,3222332
"USD","NAP","Napoli Fan Token USD",0.6676364,2883896,4319562
"USD","TRA","Trabzonspor Fan Token USD",0.40048435,2873100,7174065
"USD","SEKOIA","sekoia by Virtuals USD",0.00074721774,736926,986227200
"USD","PARTY","MONEY PARTY USD",0.00033522185,0,0
"USD","STIX","STIX USD",0.000066840774,0,0
"USD","OSHI","OSHI USD",42.27295,0,0
"USD","RSC","Risecoin USD",0.0008707195,0,0
"USD","IMT","Moneytoken USD",0.0005372626,6108365,11369422848
"USD","MON","MoneyByte USD",0.046283577,0,0
"USD","HUGE","HugeWin USD",0.00010082611,0,0
"USD","VADER","Vader Protocol USD",0.010666293,0,0
"USD","BGR","Bitgrit USD",0.0029300223,0,0
"USD","AIAT","AI Analysis Token USD",0.27481675,40230276,146389456
"USD","ARTFI","ARTFI USD",0.0032129856,418870,130368000
"USD","SELFIE","SelfieDogCoin USD",0.001886478,1855762,983717952
"USD","LABZ","Insane Labz USD",0.0011913244,58956,49488232
"USD","AGRI","AgriChain USD",0.0037124883,0,0
"USD","BNBCARD","BNB Card USD",0.0023118295,2311829,1000000000
"USD","JITOSOL","Jito Staked SOL USD",287.3566,3513702144,12227672
"USD","LPNT","Luxurious Pro Network Token USD",0.0032906663,0,0
"USD","VYNC","VYNK CHAIN USD",0.00006300624,0,0
"USD","ZERO","Zero Exchange USD",0.00019995352,0,0
"USD","PUFF","Puff USD",0.0011536112,0,0
"USD","XAVA","Avalaunch USD",0.30981502,0,0
"USD","BRZ","Brazilian Digital Token USD",0.18679085,0,0
"USD","SQR","Magic Square USD",0.0052683554,1733396,329020320
"USD","BBQ","BarbecueSwap Finance USD",0.000117196876,0,0
"USD","XZK","Expand USD",0.003423275,2297584,671165632
"USD","XAR","Arcana Network USD",0.0029988198,1263062,421186336
"USD","METH","Mirrored Ether USD",0.18472934,0,0
"USD","TRVL","TRVL (Dtravel) USD",0.007420063,3091558,416648576
"USD","LAVA","LavaSwap USD",0.0018563288,0,0
"USD","SQT","SubQuery Network USD",0.0007612629,2199594,2889401600
"USD","STREAM","Streamit Coin USD",0.0006340512,8578,13529414
"USD","BBSOL","Bybit Staked SOL USD",258.3691,0,0
"USD","TIME","Chrono.tech USD",11.624713,8254860,710113
"USD","ELIX","Elixir Games USD",0.0029964962,736915,245925872
"USD","MDAO","Martian DAO USD",7.1217206e-11,0,0
"USD","NRN","Neuron USD",0.07397332,0,0
"USD","SVL","Slash Vision Labs USD",0.034311753,0,0
"USD","BCUT","bitsCrunch USD",0.016010744,9213799,575476032
"USD","G7","Game7 USD",0.00074392615,1711030,2300000000
"USD","LL","LightLink USD",0.012087476,987186,81670184
"USD","IZI","Izumi Finance USD",0.015991917,12592035,787400000
"USD","AO","Annoying Orange USD",0.0000014939491,0,0
"USD","PINEYE","PinEye USD",0.0002838867,0,0
"USD","AFG","Army of Fortune Gem USD",0.0064509814,0,0
"USD","EVER","Everscale USD",0.015390944,30559080,1985523456
"USD","CORN","CORN USD",12.747866,0,0
"USD","USDY","USDy USD",0.8216585,0,0
"USD","PELL","Pell Network USD",0.0024337096,0,0
"USD","ODOS","Odos USD",0.005266602,11235318,2133314432
"USD","CMETH","Mantle Restaked Ether USD",4828.4414,620763712,128564
"USD","TURBOS","Turbos Finance USD",0.00082389073,5454156,6620000256
"USD","AKI","Aki Inu USD",2.6093704e-11,0,0
"USD","PURSE","Pundi X PURSE USD",0.000028117707,0,0
"USD","SUPRA","SUPRA USD",0.002949181,53173276,18029844480
"USD","DOME","HumainWeb3 USD",0.000075582655,1435982,18998841344
"USD","G3","GAM3S.GG USD",0.0039198627,2277731,581074432
"USD","AGLA","Angola USD",0.0009593643,1914507,1995600000
"USD","USDTB","USDG (ysec.finance) USD",0.99992543,0,0
"USD","NIBI","Nibiru USD",0.009724653,7647594,786413056
"USD","MOZ","Mozik USD",0.0009301466,0,0
"USD","PFVS","Puffverse USD",0.0069829226,814208,116600000
"USD","APP","Dappsy USD",0.00021311364,0,0
"USD","WRX","WazirX USD",0.04925514,18808414,381856864
"USD","IRIS","IRISnet USD",0.0011428654,1842981,1612597376
"USD","CATT","Catex Token USD",0.00012357865,94480,764538304
"USD","LVVA","Levva Protocol USD",0.003913847,0,0
"USD","BOND","BarnBridge USD",0.16877525,1335056,7910262
"USD","ASM","Assemble AI USD",0.019321974,28982960,1500000000
"USD","PYTHIA","Pythia USD",0.077618875,77492960,998377792
"USD","MERCURY","Mercury Tools USD",1.5595465e-7,0,0
"USD","ARV","Ariva USD",0.0000060307852,437552,72553168896
"USD","SUKU","Suku USD",0.030016957,14639128,487695296
"USD","ALEPH","Aleph Cloud USD",0.07532272,18621318,247220480
"USD","INV","Inverse Finance USD",55.243706,39116208,708066
"USD","INDEX","Index Cooperative USD",1.1967634,0,0
"USD","KRL","Kryll USD",0.33643788,13424669,39902368
"USD","FX","Function X USD",0.13089925,0,0
"USD","SHDW","Shadow Token USD",0.0034838798,0,0
"USD","MSOL","Marinade Staked SOL USD",309.35706,1065945152,3445679
"USD","CBETH","Coinbase Wrapped Staked ETH USD",4957.2476,628534272,126790
"USD","MUSE","Muse USD",8.741624,4445588,508554
"USD","KEYCAT","Keyboard Cat USD",0.004066703,40667032,10000000000
"USD","LOKA","League of Kingdoms Arena USD",0.17010397,0,0
"USD","00","00 Token USD",0.015379024,0,0
"USD","VARA","Équilibre USD",0.000009145672,0,0
"USD","FOX","Shapeshift FOX Token USD",0.028240731,21809936,772286528
"USD","PLU","Pluton USD",0.4798571,6957928,14500000
"USD","SHPING","SHPING USD",0.004692212,10730111,2286791424
"USD","AST","AirSwap USD",0.032764055,5716657,174479536
"USD","BAX","BABB USD",0.00001869695,1519313,81259945984
"USD","GEOD","GEODNET USD",0.18669543,59213160,317164480
"USD","EMT","Emanate USD",0.0067798174,0,0
"USD","KONET","KONET USD",0.01784823,3594510,201393104
"USD","ZCX","Unizen USD",0.01690024,10999005,650819520
"USD","BDX","Beldex USD",0.082703404,607486848,7345366528
"USD","GOATS","GOATS USD",0.00005978693,0,0
"USD","ALEX","ALEX Lab USD",0.004287021,2600034,606489856
"USD","ARCH","Archimedes Finance USD",0.19196253,18625,97024
"USD","JETTON","JetTon Games USD",0.17775606,1442338,8114146
"USD","OPCAT","Optimus Cat USD",8.939122e-9,0,0
"USD","XETA","Xeta Reality USD",0.0026308272,0,0
"USD","CANTO","CANTO USD",0.0056415894,0,0
"USD","DIN","Dinero USD",0.000043100597,0,0
"USD","VTC","Vertcoin USD",0.06632828,4835052,72895784
"USD","P3D","3DPass USD",0.00084699964,454602,536721152
"USD","GMM","Gamium USD",0.00010541057,5161414,48964866048
"USD","MOCHI","MOCHISWAP USD",0.00114647,0,0
"USD","SCP","ScPrime USD",0.04205182,2022529,48096112
"USD","LESTER","Lester USD",0.0012853574,0,0
"USD","TYBG","Base God USD",0.00006354714,0,0
"USD","SUNCAT","SUNCAT USD",0.001180265,1180265,1000000000
"USD","GRIFT","ORBIT USD",0.003650691,3649538,999684352
"USD","BLACKDRAGON","Black Dragon USD",1.6109835e-8,0,0
"USD","BCCOIN","BlackCardCoin USD",0.07884627,788462,10000000
"USD","FACTR","Defactor USD",0.0011195667,335113,299323840
"USD","COVAL","Circuits of Value USD",0.0007616572,1359435,1784838528
"USD","NSTR","Nostra USD",0.017485498,0,0
"USD","MINI","MiniSwap USD",0.0050166133,0,0
"USD","OCTA","Octans USD",9.684269e-10,0,0
"USD","SUAI","SuiAI USD",0.001995604,0,0
"USD","GHOAD","GHOAD USD",0.0001632193,0,0
"USD","SPACE","Space Finance USD",0.02062345,0,0
"USD","MFER","mfercoin USD",0.007964001,0,0
"USD","NOTAI","NOTAI USD",0.000007147844,422316,59083022336
"USD","PROS","Pros.Finance USD",0.06170085,0,0
"USD","HARAMBE","Harambe on Solana USD",0.0035165874,0,0
"USD","CLY","Colony USD",0.09676212,10905619,112705456
"USD","XNA","Neurai USD",0.00015784243,1558363,9872903168
"USD","NINJA","Ninja Protocol USD",0.0016982984,0,0
"USD","USDUC","Unstable Coin (usduc.ai) USD",0.000059672126,0,0
"USD","CATANA","Catana USD",0.00056079705,0,0
"USD","RFD","RefundCoin USD",0.0000039307706,0,0
"USD","SPS","Splintershards USD",0.008035983,10671305,1327940224
"USD","HEHE","Hehe USD",1.6512759e-10,0,0
"USD","DFL","DeFi Land USD",0.00015470241,1104158,7137303552
"USD","SKBDI","Skibidi Toilet USD",0.03570741,2500899,70038672
"USD","CET","CoinEx Token USD",0.057325236,40622588,708633600
"USD","XED","Exeedme USD",0.015426316,1542631,100000000
"USD","PSP","ParaSwap USD",0.020904688,15573511,744976896
"USD","ASTRO","AstroTools USD",0.042915344,128746,3000000
"USD","NEOX","Neoxa USD",0.00014745591,0,0
"USD","GUAC","Guacamole USD",1.6470672e-8,0,0
"USD","BLUB","BLUB USD",1.6274075e-8,0,0
"USD","CHONKY","CHONKY USD",0.0000068783706,0,0
"USD","MOR","MOR USD",0.98265976,0,0
"USD","HNS","Handshake USD",0.0074516134,5047052,677309952
"USD","DERO","Dero USD",0.29834747,4270222,14312916
"USD","DEGENAI","Degen Spartan AI USD",0.0024330781,2432956,999950016
"USD","LNR","Lunar USD",7.9771985e-9,6256646,784316258844672
"USD","TIBBIR","[Warning - suspected honey pot] Ribbita USD",9.850954e-7,0,0
"USD","FOREST","Forest Protocol USD",0.048856642,3957388,81000000
"USD","GAFI","GameFi.org USD",1.2640489,13835096,10945063
"USD","MEMESAI","Memes AI USD",0.001238447,1238411,999971072
"USD","VSYS","v.systems USD",0.0004823423,1660663,3442915840
"USD","WMC","Wrapped MistCoin USD",7.358373,0,0
"USD","CAU","Canxium USD",0.331531,408439,1231980
"USD","ONES","OneSwap DAO Token USD",0.14747728,0,0
"USD","OSOL","OSOL AI Index USD",0.0015528526,0,0
"USD","WING","WingShop USD",0.001829096,0,0
"USD","FROC","Based Froc USD",0.0000068894533,0,0
"USD","CHAT","ChatCoin USD",0.0001315442,0,0
"USD","HOLD","HOLD VIP USD",1.2450631e-10,0,0
"USD","SIGMA","Sigma USD",0.000011029368,0,0
"USD","HMT","Human USD",0.011287559,0,0
"USD","LUM","Lum Rune USD",0.0813993,0,0
"USD","CAPTAINBNB","CaptainBNB USD",0.0062572127,0,0
"USD","UNA","Unagi Token USD",0.034549363,22444346,649631232
"USD","HAMMY","SAD HAMSTER USD",0.001001599,943407,941901248
"USD","PIT","Pitbull USD",2.7811084e-10,11177875,40192157927079940
"USD","CEL","Celsius USD",0.07017852,2647141,37720112
"USD","CERE","Cere Network USD",0.00086460775,6000312,6939923968
"USD","BUBB","Bubb USD",0.0023477373,2347737,1000000000
"USD","TARA","Taraxa USD",0.0017538636,9761475,5565697536
"USD","BRAINLET","Brainlet USD",0.0026521634,2527261,952905536
"USD","BEETS","Beets USD",0.027704665,0,0
"USD","DUPE","Dupe USD",0.006448936,0,0
"USD","TSUKA","Dejitaru Tsuka USD",0.0044554016,4455401,1000000000
"USD","ALD","Aludra Network USD",0.0002429025,0,0
"USD","DHT","dHedge DAO USD",0.1753907,9536613,54373536
"USD","HLG","Holograph USD",0.0000885813,0,0
"USD","STRD","Stride USD",0.06306561,5538783,87825728
"USD","BABYSHARK","Baby Shark USD",1.1230994e-12,0,0
"USD","MYTH","Mythos USD",0.08468089,72477136,855885440
"USD","SAUCE","SaucerSwap USD",0.049972776,42642368,853311936
"USD","DREAMS","Dreams Quest USD",0.00031206652,488103,1564101248
"USD","SOVRN","SOVRUN USD",0.009918034,1697408,171143680
"USD","ARRR","Pirate Chain USD",0.19262864,37796396,196213792
"USD","AIMONICA","Aimonica Brands USD",0.0014058196,1405804,999989568
"USD","RXD","Radiant USD",0.00043183073,6110921,14151195648
"USD","NMC","Namecoin USD",1.4387779,21202408,14736400
"USD","NEUR","neur.sh USD",0.0008142361,748636,919434048
"USD","RETARDIO","RETARDIO USD",0.0153888175,15014427,975671296
"USD","STON","Mainston USD",0.000010000081,0,0
"USD","PRE","Presearch USD",0.0061463416,2437506,396578432
"USD","DOLAN","Uncle Dolan USD",8.2969643e-7,0,0
"USD","MIRAI","Mirai USD",2.9343053e-7,0,0
"USD","AINTI","AIntivirus USD",0.033342414,3072323,92144608
"USD","CWIF","catwifhat USD",1.0063497e-7,3042151,30229563179008
"USD","DRV","Dragon Verse USD",0.000049615865,0,0
"USD","PROJECT89","Project89 USD",0.009120817,0,0
"USD","GMEE","GAMEE USD",0.0016827058,2893084,1719305088
"USD","WELSH","Welshcorgicoin USD",0.0001723136,1723136,10000000000
"USD","AIUS","Arbius USD",3.3051186,0,0
"USD","BDC","Based Token USD",0.0000060016105,0,0
"USD","REKT","Rekt (rektarb.xyz) USD",1.0014955e-10,0,0
"USD","BUCK","Arbucks USD",0.00019832549,0,0
"USD","DECENTRALIZED","DECENTRALIZED (Runes) USD",0.00008632856,0,0
"USD","AABL","Abble USD",0.0004179493,0,0
"USD","STARL","Starlink USD",5.0863747e-7,5075781,9979171962880
"USD","DEGOD","DEGOD USD",0.0009942945,0,0
"USD","PUNDIAI","Pundi AI USD",0.8609283,6076097,7057612
"USD","MARS","Marscoin USD",0.04809374,0,0
"USD","THOR","THORSwap USD",0.04624878,0,0
"USD","DUREV","Povel Durev USD",0.00967197,918837,95000000
"USD","META","Metadium USD",0.02005257,34466532,1718808704
"USD","WYAC","Woman Yelling At Cat USD",0.0016745107,1657724,989975296
"USD","POLLEN","Beraborrow USD",0.006934599,0,0
"USD","RING","RingDAO USD",0.0014229664,2406837,1691422336
"USD","WHALES","Catalina Whales Index USD",0.30389658,0,0
"USD","CRU","Crust Network USD",0.0686084,970024,14138569
"USD","BLOCX","BLOCX. USD",0.009382158,939202,100105176
"USD","GRAM","Gram USD",0.003480635,0,0
"USD","SEAL","Seal USD",0.008932138,0,0
"USD","RAIL","Railgun USD",0.948548,0,0
"USD","TRIAS","Trias Token (New) USD",1.3605515,6802757,5000000
"USD","LOCKIN","LOCK IN USD",0.01036087,0,0
"USD","SOV","Sovryn USD",0.098708265,6068638,61480544
"USD","GIKO","Giko Cat USD",0.4283168,0,0
"USD","GMRX","GAIMIN USD",0.00006928819,3032029,43759681536
"USD","TORN","Tornado Cash USD",15.225139,80086720,5260163
"USD","TRADE","Unitrade USD",0.013095926,257646,19673818
"USD","USEDCAR","A Gently Used 2001 Honda Civic USD",0.0013384128,0,0
"USD","RNT","OneRoot Network USD",0.0000019995352,0,0
"USD","LON","Tokenlon Network Token USD",0.61447674,76239528,124072280
"USD","WAT","Wat USD",8.959853e-7,376932,420690001920
"USD","TANK","CryptoTanks USD",0.00014183705,6894,48610000
"USD","ZEPH","ZephyrDAO USD",0.0013845052,0,0
"USD","NUB","nubcat USD",0.022019166,20918214,950000256
"USD","STUPID","StupidCoin USD",0.0017680248,1758905,994841856
"USD","CAR","Supercars USD",0.00015351806,0,0
"USD","AE","Æternity USD",0.004134731,1592313,385106912
"USD","DMAGA","Dark MAGA USD",0.0004537044,0,0
"USD","BEPRO","Bepro USD",0.00015578735,1557873,10000000000
"USD","BOTTO","Botto USD",0.26938558,13252769,49196284
"USD","TOKE","Tokemak USD",0.22550084,18910234,83858816
"USD","MEMECOIN","just memecoin USD",0.002031058,0,0
"USD","MOTHER","Mother Iggy USD",0.00787692,7767770,986143168
"USD","LOGX","LogX Network USD",0.015672911,6994506,446280000
"USD","STARS","Mogul Productions USD",0.00060131785,184398,306657536
"USD","PIZZA","Pizza USD",0.010505932,325433,30976128
"USD","MONG","MongCoin USD",3.507628e-9,2038619,581196048236544
"USD","GAMMA","PolyGamma Finance USD",0.0906448,0,0
"USD","SUDO","sudoswap USD",0.038036805,0,0
"USD","SILO","Silo Finance USD",0.0224775,0,0
"USD","FUD","Aavegotchi FUD USD",0.00006052386,0,0
"USD","GRAIL","Grail USD",0.22584489,0,0
"USD","VIA","Viacoin USD",0.27329496,0,0
"USD","NLK","NuLink USD",0.001481429,0,0
"USD","MLG","MLG DOGE USD",5.1037517e-8,0,0
"USD","NATIX","NATIX Network USD",0.00076850434,12398244,16132953088
"USD","HEU","Heurist AI USD",0.021692434,0,0
"USD","BULL","BuySell USD",0.00030092933,0,0
"USD","CUBE","Somnium Space Cubes USD",0.31681794,3960224,12500000
"USD","AURY","Aurory USD",0.12072459,9069952,75129280
"USD","DIO","Decimated USD",0.0025214083,1369779,543259840
"USD","AUD","Aussie Digital USD",0.015700076,0,0
"USD","BAAS","BaaSid USD",0.00033559743,2684779,8000000000
"USD","DELABS","Delabs Games USD",0.008554125,6418160,750300032
"USD","CLB","Cold Chain USD",2.303467,0,0
"USD","FRONT","Frontier USD",0.14110522,1096398,7770075
"USD","LZM","LoungeM USD",0.0120687075,1433427,118772248
"USD","HVH","HAVAH USD",0.0011449157,2588518,2260880896
"USD","EVERY","Everyworld USD",0.00030743258,783707,2549201920
"USD","KSP","KLAYswap Protocol USD",0.081300534,6452348,79364152
"USD","PIB","PIBBLE USD",0.00046853418,11315335,24150501376
"USD","DAPP","LiquidApps USD",0.000048802114,34644,709902272
"USD","GXA","GALAXIA USD",0.002027959,5103109,2516376832
"USD","SKLAY","sKLAY USD",0.22122507,0,0
"USD","SEILOR","Kryptonite USD",0.0007503035,0,0
"USD","GNON","Numogram USD",0.0008631662,863166,1000000000
"USD","UNIBOT","Unibot USD",0.017421443,0,0
"USD","HPY","Hyper Pay USD",0.00033821978,0,0
"USD","DOGZ","Dogz USD",0.00003701103,0,0
"USD","SQUID","Squidanomics USD",4.2698995e-9,0,0
"USD","HC","HyperCash USD",0.0020000672,90146,45071908
"USD","GUMMY","Gummy Bull Token USD",0.00038566432,0,0
"USD","UNP","UNIPOLY USD",0.17209522,37728436,219230000
"USD","10SET","Tenset USD",0.06095539,8519952,139773552
"USD","ETHG","Ethereum Gold USD",0.023914805,0,0
"USD","X2Y2","X2Y2 USD",0.00218045,0,0
"USD","UNICE","UNICE USD",0.0012644195,343757,271869696
"USD","MXNA","Dark Machine USD",0.0034067822,0,0
"USD","LCRO","Liquid CRO USD",0.27956632,0,0
"USD","BINK","Big Dog Fink USD",0.00030534383,0,0
"USD","ZED","ZED Token USD",0.005823999,0,0
"USD","FER","Ferro USD",0.0009607176,895898,932530368
"USD","VVS","VVS Finance USD",0.000004732663,220655680,46624000704512
"USD","TONIC","Tectonic USD",3.472441e-8,8602413,247733881405440
"USD","VNO","Veno Finance USD",0.018894723,8965821,474514560
"USD","CROID","Cronos ID USD",0.027255949,0,0
"USD","MERY","Mistery On Cro USD",0.000015268371,6264286,410278625280
"USD","FM","Flowmatic USD",0.029593414,0,0
"USD","TEVA","Tevaera USD",0.004355634,2133882,489913216
"USD","FUL","Fulcrom Finance USD",0.007499418,15977387,2130483456
"USD","CDCETH","Crypto.com Staked ETH USD",4757.1064,173253824,36420
"USD","OLE","OpenLeverage USD",0.0048713195,918879,188630576
"USD","MTD","MetaDress USD",1.8197427e-7,0,0
"USD","KYVE","KYVE Network USD",0.0071961638,7476737,1038989312
"USD","AGENTFUN","AgentFun.AI USD",2.3817787,0,0
"USD","CROB","Crob Coin USD",0.033430744,0,0
"USD","SNC","SunContract USD",0.030641232,2403365,78435672
"USD","BABYBNB","BabyBNB USD",0.005209,0,0
"USD","HAPI","HAPI Protocol USD",2.080053,1523115,732248
"USD","BUIDL","DFOhub USD",0.7083606,0,0
"USD","UCX","UCX USD",0.026522357,0,0
"USD","JSM","Joseon Mun USD",0.0002961781,0,0
"USD","PKN","Poken USD",0.0002978579,0,0
"USD","GBD","Great Bounty Dealer USD",0.00022204318,0,0
"USD","ZEDXION","Zedxion USD",0.5157983,0,0
"USD","SERG","Seiren Games Network USD",0.0018001961,0,0
"USD","BERRY","Rentberry USD",0.00008243843,0,0
"USD","SIO","SAINO USD",0.000020001977,0,0
"USD","ZOON","CryptoZoon USD",0.0007732998,540041,698359232
"USD","CENT","CENTER COIN USD",0.0014362015,0,0
"USD","NEXM","Nexum USD",0.008281251,0,0
"USD","PRIMAL","PRIMAL USD",0.00002152619,0,0
"USD","EVA","Evanesco Network USD",0.00004500737,0,0
"USD","PKOIN","Pkoin USD",0.72241753,10059070,13924177
"USD","AOK","AOK USD",0.00013101427,26202,200000000
"USD","CATHEON","Artisse USD",0.0001156559,112016,968534272
"USD","ARTL","ARTL USD",0.0055005993,0,0
"USD","RET","RealTract USD",0.000039264793,0,0
"USD","TIP","TECHNOLOGY INNOVATION PROJECT USD",0.00017068861,0,0
"USD","DOGECUBE","DOGECUBE USD",0.00000730142,0,0
"USD","CADINU","Canadian Inuit Dog USD",3.8755204e-11,0,0
"USD","CCA","CCA USD",9.998452e-7,0,0
"USD","USDZ","Zedxion USD",0.997922,0,0
"USD","DFT","DraftCoin USD",0.0007007397,0,0
"USD","GULF","Gulf Coin USD",0.004239114,0,0
"USD","WPP","WPP TOKEN USD",0.0017168296,0,0
"USD","SEDA","SEDA USD",1.0992478e-8,0,0
"USD","WSI","Will Smith Inu USD",5.3311476e-7,0,0
"USD","CA","CROSSY ANIMALS USD",0.0000020357206,0,0
"USD","NALS","NALS (Ordinals) USD",0.0030459715,0,0
"USD","CLIPS","Clips USD",1.3802683e-8,0,0
"USD","NCDT","Nuco.cloud USD",0.029879078,1493953,50000000
"USD","AWT","Abyss World USD",0.000017412525,0,0
"USD","CTB","CatBoy USD",6.2147336e-7,0,0
"USD","WWDOGE","Wrapped WDOGE USD",0.10190745,739536,7256946
"USD","PLB","Paladeum USD",0.62242866,0,0
"USD","ZYN","Zynecoin USD",0.0038301337,160494,41903028
"USD","DCCT","DocuChain USD",0.0056105684,0,0
"USD","MCH","MeconCash USD",0.012301875,0,0
"USD","VINCI","Vinci USD",2.91884,0,0
"USD","RBD","Rubidium USD",0.033316478,0,0
"USD","RYO","Ryo Currency USD",0.0027015253,0,0
"USD","EXM","EXMO Coin USD",0.0078437915,842230,107375448
"USD","HASH","HASH Token USD",0.00033618687,0,0
"USD","GODL","GODL USD",0.00019640627,0,0
"USD","CRVUSD","crvUSD USD",0.99969375,125402600,125441016
"USD","WIZZ","WIZZ USD",8.5665704e-7,0,0
"USD","MAX","Maxcoin USD",0.0023062865,0,0
"USD","DFYN","Dfyn Network USD",0.0030118693,517675,171878608
"USD","RAGE","Rage Fan USD",0.000115664865,6560,56719936
"USD","MBS","Striker League USD",0.0015154895,947844,625437760
"USD","ZELIX","ZELIX USD",0.000019667896,146593,7453444608
"USD","BTCF","BITCOIN FUTURE USD",0.084318034,0,0
"USD","CELA","Cellula USD",0.0007512615,0,0
"USD","ITHACA","Ithaca Protocol USD",0.006695156,534180,79786096
"USD","MINE","Pylon Protocol USD",0.0002757564,0,0
"USD","BONGO","Bongo Cat USD",0.006662207,0,0
"USD","MOONEY","MoonDAO USD",0.0003871001,532308,1375119232
"USD","POLYDOGE","PolyDoge USD",4.5401007e-9,0,0
"USD","TALK","Talken USD",0.0056585516,1724477,304755904
"USD","SWAY","Sway Protocol USD",0.00095685007,0,0
"USD","LOULOU","LOULOU USD",0.0025042084,0,0
"USD","MMT","MarkMeta USD",0.34118953,0,0
"USD","SOULS","Unfettered Ecosystem USD",0.0004245631,485954,1144598656
"USD","MAO","Mao USD",0.0007350777,0,0
"USD","HEGIC","Hegic USD",0.040344886,28391800,703727360
"USD","SKOP","Skulls of Pepe Token USD",0.008895286,0,0
"USD","TRG","The Rug Game USD",1.5406312e-7,0,0
"USD","TUNE","TUNE TOKEN USD",0.000019995352,0,0
"USD","LEMD","Lemond USD",0.000018915362,0,0
"USD","EPX","Ellipsis USD",0.0000026213454,210970,80481673216
"USD","THN","Throne USD",0.0002675298,104537,390752320
"USD","XELS","XELS USD",0.043149002,906129,21000000
"USD","SHOPX","SHOPX USD",0.00083800836,401367,478954080
"USD","CGPU","CloudGPU USD",0.0012424815,0,0
"USD","FO","FIBOS USD",0.0001265095,135566,1071593152
"USD","Y8U","Y8U USD",0.002045529,0,0
"USD","SUSD","sUSD USD",0.9665219,46482576,48092624
"USD","OMNIA","OMNIA Protocol USD",0.0075496975,0,0
"USD","DPET","My DeFi Pet USD",0.011728647,506705,43202344
"USD","VEXT","Veloce USD",0.0020817688,450662,216480400
"USD","KOII","Koii USD",0.000119829776,0,0
"USD","JANET","Janet USD",0.000105225154,105225,1000000000
"USD","SMB","SamuraiBattle USD",0.00020505508,0,0
"USD","BLACK","eosBLACK USD",0.000034794484,0,0
"USD","PORTX","ChainPort USD",0.00087714865,0,0
"USD","OGPU","OpenGPU USD",0.1502048,2949887,19639104
"USD","NWC","Numerico USD",0.017492328,2630860,150400832
"USD","MATCH","Matchcup USD",0.00044522618,0,0
"USD","LADYF","Milady Wif Hat USD",0.000003046825,761687,249993691136
"USD","HAMSTER","Space Hamster USD",5.9428237e-7,0,0
"USD","DHV","DeHive USD",0.031154275,125220,4019375
"USD","OPTI","OptiToken USD",0.0037518754,130313,34732928
"USD","ATEM","AtEM USD",0.000011756116,0,0
"USD","NIGHT","Midnight USD",0.0000073512833,0,0
"USD","UNO","Unobtanium USD",4.084621,0,0
"USD","DPY","Delphy USD",0.004959158,0,0
"USD","HOD","HoDooi.com USD",0.00016257797,79965,491857216
"USD","LLT","LILLIUS USD",0.00089683186,0,0
"USD","UNHX","UnitedHealth tokenized stock (xStock) USD",348.39587,348395,1000
"USD","CHER","Cherry Network USD",0.00032857578,0,0
"USD","FOREX","handleFOREX USD",0.0009600242,0,0
"USD","DOPE","DopeCoin USD",0.0093665365,0,0
"USD","BARSIK","Hasbulla's Cat USD",0.0006301738,630139,999946240
"USD","BNSX","BNSx (Ordinals) USD",0.01149147,0,0
"USD","FYDE","Fyde USD",0.0059934114,0,0
"USD","KNOT","Karmaverse USD",0.001855454,0,0
"USD","ATK","Attack Wagon USD",0.00022780056,0,0
"USD","PTS","Petals USD",0.0000042961105,60682,14124999680
"USD","CBL","Credbull USD",0.00050030753,133234,266305184
"USD","LIFE","Life Crypto USD",0.000040527568,106635,2631194624
"USD","PACK","The Wolf Pack USD",2.3923324e-10,0,0
"USD","TCT","TokenClub USD",0.00044002474,0,0
"USD","JUM","Jumoney USD",0.0019697053,0,0
"USD","DXGM","DEXGame USD",0.000070676506,44735,632959616
"USD","GETA","Getaverse USD",0.00008409352,0,0
"USD","MSN","Maison Capital USD",0.0015797408,0,0
"USD","HRT","HIRO USD",0.000031966872,0,0
"USD","HAHA","Hasaki USD",0.000003870776,0,0
"USD","KCAL","Phantasma Energy USD",0.001143087,119160,104244384
"USD","MAI","Mindsync USD",0.006030598,0,0
"USD","ZP","Web3PVZ USD",0.000047372247,0,0
"USD","BLOCK","Blocknet USD",0.032930274,0,0
"USD","GNC","GALAXY NETWORK USD",0.0014996243,0,0
"USD","HCT","HurricaneSwap Token USD",0.00004205019,0,0
"USD","XYRO","XYRO USD",0.0010116602,328508,324722144
"USD","SNET","Snetwork USD",0.00073814305,0,0
"USD","ROOBEE","ROOBEE USD",0.00011029373,452431,4102063616
"USD","PVU","Plant Vs Undead USD",0.0009039754,268433,296947520
"USD","1EARTH","EarthFund USD",0.00014245958,10364,72754336
"USD","ZIX","Coinzix USD",0.00001536435,0,0
"USD","BRWL","Blockchain Brawlers USD",0.0005577323,557732,1000000000
"USD","MPH","Morpher USD",0.0147884535,0,0
"USD","EMYC","E Money USD",0.017584182,2549719,145000736
"USD","KTN","Kattana USD",0.020425186,191718,9386380
"USD","PYM","Playermon USD",0.0005628763,240388,427072288
"USD","EMBER","EMBER LUMEN USD",7.717224e-7,0,0
"USD","TEDDY","Teddy Cash USD",0.0010338317,0,0
"USD","PRISM","Prism USD",0.0010476374,604646,577152448
"USD","STB","StormBringer USD",5.1780337e-11,0,0
"USD","LYP","Lympid USD",0.030936508,0,0
"USD","PRT","Portion USD",0.0036257163,1732959,477963456
"USD","OVO","OVO USD",0.0009990333,0,0
"USD","VALUE","Value Liquidity USD",0.023695532,0,0
"USD","IGU","IguVerse USD",0.001193221,68239,57189080
"USD","MOOO","Hashtagger.com USD",0.021465013,0,0
"USD","ATRS","Attarius Network USD",0.0018085127,0,0
"USD","PORT","PackagePortal USD",0.022303363,0,0
"USD","BRCST","BRCStarter USD",0.007954857,0,0
"USD","FALCONS","FalconsInu USD",0.00087738363,0,0
"USD","TRC","Terracoin USD",0.01268465,0,0
"USD","AART","All.Art Protocol USD",0.00015202501,560741,3688482048
"USD","ZODI","Zodium USD",0.00007295704,0,0
"USD","LEGION","LEGION USD",0.00028373624,77299,272435904
"USD","SUPE","SUPE USD",0.0021589475,0,0
"USD","STAR","Starbase USD",0.0000040001587,0,0
"USD","MIST","Alchemist USD",0.80184114,0,0
"USD","NEKO","Sakura Neko USD",1.9619377e-7,0,0
"USD","BAC","Basis Cash USD",0.0018175152,99191,54575144
"USD","BMON","Binamon USD",0.0025618284,295773,115453952
"USD","CATGPT","$CatGPT USD",5.4342447e-8,0,0
"USD","JFI","JackPool.finance USD",3.4027946,0,0
"USD","LNDX","LandX Finance USD",0.06936043,979640,14123909
"USD","AIVA","AI Voice Agents USD",0.00014387282,0,0
"USD","HT","Huobi Token USD",0.4378146,0,0
"USD","INFRA","Bware USD",0.10019585,413898,4130897
"USD","BUBBLE","Bubble USD",0.00029780518,844007,2834093312
"USD","BP","BunnyPark USD",0.0014488552,0,0
"USD","SHI","Shirtum USD",0.00015723782,27331,173823184
"USD","SHARE","Seigniorage Shares USD",0.0060704174,127478,21000000
"USD","MA","Mind AI USD",0.00047906695,163851,342022208
"USD","EMC","Emercoin USD",0.09467277,0,0
"USD","ASTRA","ASTRA USD",0.0024645126,0,0
"USD","FOR","ForTube USD",0.00079898036,635189,795000000
"USD","ZF","zkSwap Finance USD",0.0027386742,1576790,575749632
"USD","ROOM","OptionRoom USD",0.057843506,722660,12493373
"USD","BBC","BigBang Core USD",0.0018151696,0,0
"USD","DPR","Deeper Network USD",0.00031449238,1002528,3187768576
"USD","INK","Ink USD",0.0005534569,0,0
"USD","GAT","Global AEX Token USD",0.003341457,0,0
"USD","FRIEND","Friend.tech USD",0.058116917,0,0
"USD","AIPUMP","aiPump USD",0.00032771556,124750,380666752
"USD","SWAN","Swanlana USD",0.000012747779,0,0
"USD","PROPC","Propchain USD",0.48288253,18597566,38513644
"USD","LOE","Legends of Elysium USD",0.0024106833,33179,13763427
"USD","SHIB20","SHIB2.0 USD",0.00009467362,0,0
"USD","SERO","Super Zero Protocol USD",0.0036962067,1629254,440790816
"USD","DROPS","DefiDrop Launchpad USD",0.00090435846,0,0
"USD","SINGLE","Single Finance USD",0.00018796089,0,0
"USD","ZSC","Zeusshield USD",0.000068285946,0,0
"USD","MEPAD","MemePad USD",0.0013100377,0,0
"USD","WORK","The Employment Commons Work Token USD",0.027941901,0,0
"USD","MITH","Mithril USD",0.00018384293,183842,1000000000
"USD","ESG","ESG USD",0.083469845,0,0
"USD","UNN","UNION Protocol Governance Token USD",0.00021083924,0,0
"USD","NYAN","Nyan Finance USD",1.5706539,0,0
"USD","WNDR","Wonderman Nation USD",0.029790172,423482,14215495
"USD","AIAGENT","Casper AI USD",0.0009488407,0,0
"USD","RATING","DPRating USD",0.00009111127,0,0
"USD","DIGG","DIGG USD",598.16956,343305,573
"USD","T23","T23 USD",8.662582e-11,0,0
"USD","AINN","AINN USD",0.009854014,0,0
"USD","EGON","EAGLE MINING NETWORK USD",0.004799472,0,0
"USD","PUNDU","Pundu USD",0.005216867,0,0
"USD","PCX","ChainX USD",0.036288474,453800,12505375
"USD","SENSO","SENSO USD",0.0034318767,241154,70269128
"USD","STT","StarTerra USD",0.0005578231,18483,33134374
"USD","POWER","UniPower USD",0.11264528,0,0
"USD","WSDM","Wisdomise AI USD",0.00095817714,519812,542501952
"USD","TRCL","Treecle USD",0.0007838448,0,0
"USD","GXE","Galaxy Essential USD",0.000001061558,0,0
"USD","NVIR","NvirWorld USD",0.00016603876,174757,1052511936
"USD","DXCT","DNAxCAT Token USD",0.016772859,0,0
"USD","NVG","NightVerse Game USD",0.0010753511,0,0
"USD","EGAME","EVERY GAME USD",0.000007567767,0,0
"USD","MAN","Matrix AI Network USD",0.0067034643,3126055,466334304
"USD","PBTC35A","pBTC35A USD",0.7531129,0,0
"USD","FEARNOT","FEAR NOT USD",9.218844e-7,0,0
"USD","SAITO","Saito USD",0.003557243,7040823,1979292288
"USD","ALPA","Alpaca City USD",0.008654021,0,0
"USD","F3","Friend3 USD",0.0022381032,0,0
"USD","RIZZMAS","Rizzmas USD",0.00001378562,6855833,497317740544
"USD","SKAI","Skillful AI USD",0.00192744,688152,357029024
"USD","BLAZE","Blaze USD",0.00001687027,0,0
"USD","SHIRO","Shiro Neko USD",3.7427608e-9,1700526,454350765817856
"USD","ARW","Arowana USD",0.027384859,0,0
"USD","HIBS","Hiblocks USD",0.000003840897,38740,10086445056
"USD","TRALA","TRALA USD",0.0009362186,0,0
"USD","NEURO","NeuroWeb USD",0.019044448,0,0
"USD","CST","CryptoSkates USD",0.00072300463,0,0
"USD","MDF","MatrixETF USD",0.00043136673,0,0
"USD","ING","Infinity Games USD",0.00000976228,48811,5000000000
"USD","VMT","Vemate USD",0.003344182,0,0
"USD","BFTOKEN","BOSS FIGHTERS USD",0.00080378767,84687,105360968
"USD","MOT","Mobius Finance USD",0.00037608782,0,0
"USD","OCT","OracleChain USD",0.014156667,0,0
"USD","KTON","Darwinia Commitment Token USD",3.5900178,184218,51314
"USD","PANDO","Pando USD",0.000096069096,0,0
"USD","TOK","TOKOK USD",0.0021996018,0,0
"USD","AIX","Aigang USD",0.0011404254,0,0
"USD","GROW","GrowingFi USD",3.3374002,0,0
"USD","VXT","Voxto Amplify USD",0.025405932,0,0
"USD","AGS","Collector Coin USD",0.006683978,0,0
"USD","VTG","Victory Gem USD",0.00015324344,0,0
"USD","PMG","PMG Coin USD",0.0002494331,0,0
"USD","NFM","NFMart USD",0.0000037948862,0,0
"USD","GLDX","Goldex Token USD",0.014000333,0,0
"USD","DOAI","DOJO Protocol USD",0.000111185815,92902,835563712
"USD","MIRROR","mirror USD",0.0004078654,0,0
"USD","MAF","MetaMAFIA USD",0.00015922729,43104,270712832
"USD","DOGA","DOGAMÍ USD",0.00063161657,538621,852766912
"USD","TALENT","Talent Protocol USD",0.007937367,2324033,292796576
"USD","BSX","Basilisk USD",0.000042020492,0,0
"USD","BLES","Blind Boxes USD",0.00022108316,0,0
"USD","EGG","Nestree USD",0.0020217425,6054877,2994880512
"USD","DON","Deonex Token USD",0.0013273562,0,0
"USD","BDP","BidiPass USD",0.00007010297,27104,386631328
"USD","GOZ","Göztepe S.K. Fan Token USD",0.20456913,787591,3850000
"USD","GMRT","The Game Company USD",0.0066395677,1770585,266671792
"USD","TELE","Telefy USD",0.000083793755,0,0
"USD","RECT","ReflectionAI USD",0.001203945,0,0
"USD","GRBE","Green Beli USD",0.00039111087,0,0
"USD","BOX","ContentBox USD",0.000044037813,0,0
"USD","VDR","Vodra USD",0.0011386878,162996,143144032
"USD","NIKO","NikolAI USD",0.00080150896,801508,1000000000
"USD","ESS","Essentia USD",0.00022885345,0,0
"USD","KFT","Knit Finance USD",0.0031628967,15498,4900000
"USD","PAI","Project Pai USD",0.00026403586,427148,1617767040
"USD","MENGO","Flamengo Fan Token USD",0.12859887,1691981,13157048
"USD","HYVE","Hyve USD",0.005001512,128269,25646076
"USD","ARIO","AR.IO Network USD",0.0066758925,3044002,455969280
"USD","DERI","Deri Protocol USD",0.006205633,773816,124695832
"USD","BCDN","BlockCDN USD",0.00019124466,0,0
"USD","MSQ","Mirrored Square USD",1.066283,0,0
"USD","ITGR","Integral USD",0.0046180785,1009387,218573120
"USD","GAMES","Gaming Stars USD",0.0021244164,0,0
"USD","CATDOG","CatDog USD",9.353351e-7,0,0
"USD","SPARKLET","Upland (SPARKLET) USD",0.029071158,6296561,216591344
"USD","REVU","Revuto USD",0.004209507,0,0
"USD","PMX","Primex Finance USD",0.0008831019,62595,70881056
"USD","NFE","Edu3Labs USD",0.0016434098,171530,104375040
"USD","KZEN","Kaizen Finance USD",0.00043895867,188205,428755584
"USD","HORD","Hord USD",0.002210896,195920,88615984
"USD","DFND","dFund USD",0.00026664682,0,0
"USD","CYBRO","CYBRO USD",0.005844703,773831,132398784
"USD","GEC","Green Energy Coin USD",0.56064725,0,0
"USD","CUSD","Celo Dollar USD",0.9997877,35546616,35554164
"USD","CFI","CyberFi Token USD",0.21042772,505026,2400000
"USD","AUTISM","AUTISM USD",0.0001176989,0,0
"USD","SOP","SoPay USD",0.000017090846,0,0
"USD","OWN","OWNDATA USD",0.000014563453,148558,10200762368
"USD","WXT","Wirex Token USD",0.002801537,28015370,10000000000
"USD","MIS","Themis USD",1.101867,0,0
"USD","ADAPAD","ADAPad USD",0.0027511036,323646,117642376
"USD","SWOP","Swop USD",0.079278514,319668,4032224
"USD","STIK","Staika USD",1.3026108,165777136,127265288
"USD","SAY","SAY Coin USD",0.0005411534,0,0
"USD","EQX","EQIFI USD",0.0012523672,0,0
"USD","GARD","Hashgard USD",0.000004373021,43730,10000000000
"USD","NOOT","NOOT NOOT USD",0.01348584,0,0
"USD","FST","1irstcoin USD",0.03008852,1289546,42858428
"USD","LIQUIDIUM","LIQUIDIUM•TOKEN USD",0.3877286,0,0
"USD","TAPROOT","Taproot Exchange USD",0.0002946688,0,0
"USD","TEER","Integritee Network USD",0.15436006,614051,3978046
"USD","QTC","Qitcoin USD",0.06756578,0,0
"USD","MNEMO","Mnemonics USD",0.000009352184,0,0
"USD","EGS","EdgeSwap USD",0.000492925,0,0
"USD","HVLO","Hivello USD",0.0003902278,423105,1084253184
"USD","PERL","PERL.eco USD",0.0003284292,161238,490938912
"USD","ZLW","Zelwin USD",0.0014157789,102405,72331832
"USD","TATE","Tate USD",3.848317e-10,0,0
"USD","PACE","3space Art USD",0.0041031633,296131,72171512
"USD","CRE8","Creaticles USD",0.00052915,41301,78052632
"USD","CLND","Colend USD",0.06183753,0,0
"USD","KOAI","KOI USD",0.00004358723,3583,82221424
"USD","CTP","Ctomorrow Platform USD",0.0018360574,2993899,1630612992
"USD","MART","Artmeta USD",0.004579298,0,0
"USD","OLA","OLA USD",0.0000040016084,0,0
"USD","SOIL","Soil USD",0.20373692,8352965,40998780
"USD","CRF","Crafting Finance USD",0.0002990848,0,0
"USD","LBLOCK","Lucky Block v1 USD",1.8385794e-7,0,0
"USD","CWAR","Cryowar USD",0.0009502682,247069,260000000
"USD","KAT","KatKoyn USD",0.0015277894,0,0
"USD","MTRG","Meter Governance USD",0.09953552,3212639,32276310
"USD","PRIDE","Nomad Exiles USD",0.0009041563,0,0
"USD","SLRS","Solrise Finance USD",0.0005403262,84893,157115440
"USD","BOXCAT","BOXCAT USD",0.000038779057,0,0
"USD","KARATE","Karate Combat USD",0.00009602258,6399854,66649473024
"USD","TRIBE","Tribe USD",0.66630113,0,0
"USD","LVLY","Lyvely USD",0.02191665,0,0
"USD","ONX","Onix USD",0.0009827244,0,0
"USD","INVITE","INVITE Token USD",0.0022895345,0,0
"USD","SNK","Snook USD",0.0028067958,0,0
"USD","K21","K21 USD",0.05770636,1060951,18385350
"USD","XTAG","xHashtag AI USD",0.012653182,837248,66169000
"USD","RAM","Ramifi Protocol USD",0.01644353,0,0
"USD","MMPRO","MMPRO Token USD",0.0039785383,0,0
"USD","TPT","TokenPocket USD",0.016589323,57506184,3466457344
"USD","WRT","WingRiders Governance Token USD",0.019722719,0,0
"USD","ONC","One Cash USD",0.051462017,0,0
"USD","LAY3R","AutoLayer USD",0.008634479,100291,11615204
"USD","VON","Vameon USD",0.000025696936,6408972,249406062592
"USD","CROS","CroSwap USD",0.0010411942,0,0
"USD","HADES","Hades Money USD",2.8636005,0,0
"USD","METFI","MetFi USD",0.12226219,27101736,221669008
"USD","BTCST","Bitcoin Standard Hashrate Token USD",0.0317082,386884,12201401
"USD","SAKE","SakeToken USD",0.0016534778,168427,101862656
"USD","OBT","OB Token USD",0.027509639,0,0
"USD","BIOP","Biop USD",0.008759324,0,0
"USD","SCT","Safechaintoken USD",0.00028930922,0,0
"USD","GET","GET Protocol USD",1.1207584,12763485,11388258
"USD","NBS","New BitShares USD",0.000038540926,100502,2607670528
"USD","ELYS","Elysium USD",0.0033765985,0,0
"USD","D2T","Dash 2 Trade USD",0.0002492178,0,0
"USD","GCOIN","Galaxy Fight Club USD",0.001601574,23037,14384463
"USD","STZ","99Starz USD",0.0067075663,0,0
"USD","NBOT","Naka Bodhi Token USD",0.0046443166,0,0
"USD","DKS","DarkShield Games Studio USD",0.000020454256,0,0
"USD","ZAT","zkApes USD",2.1054105e-9,0,0
"USD","CRAFT","deCraft Finance USD",19.818289,0,0
"USD","SWASH","Swash USD",0.002415106,2402933,994960000
"USD","FEI","Fei USD USD",0.9926228,3774826,3802881
"USD","NFTFI","NFTfi USD",0.0014686948,0,0
"USD","SATX","SatoExchange Token USD",0.000628816,0,0
"USD","DFDVX","DFDV tokenized stock (xStock) USD",17.531843,1577845,89998
"USD","MGKL","MAGIKAL.ai USD",7.5227746e-8,0,0
"USD","TX20","Trex20 USD",0.001433011,0,0