"eur","silver","platinum","gold","btc","jpy","gbp","chf","created"
1.0540739,31.355,973.6,2666.1,97073.46,0.0064549446,1.2650222,1.1315161,"2024-11-21T07:56:08.606Z"