"eur","silver","platinum","gold","btc","jpy","gbp","chf","created"
1.0547411,31.305,972.3,2664,97190.16,0.006458989,1.2651502,1.1327595,"2024-11-21T06:55:44.673Z"