"eur","silver","platinum","gold","btc","jpy","gbp","chf","created"
1.0528532,30.78,952.9,2576.1,89538.07,0.0064269006,1.2629133,1.1244799,"2024-11-15T14:56:08.153Z"