"eur","silver","gold","btc","jpy","gbp","chf","created"
1.0707785,31.995,2715.7,74191.234,0.0064846217,1.2855288,1.1403289,"2024-11-06T11:55:52.021Z"