"eur","silver","gold","btc","jpy","gbp","chf","created"
1.0577533,30.435,2572.8,88244.336,0.0064107906,1.2706642,1.1264051,"2024-11-14T15:56:08.796Z"