"eur","silver","gold","btc","jpy","gbp","chf","created"
1.0741138,32.225,2744.4,74379.5,0.006495193,1.2883111,1.1448066,"2024-11-06T03:55:51.921Z"