"eur","silver","platinum","gold","btc","jpy","gbp","chf","created"
1.059322,31.335,980.2,2633.9,93515.08,0.0064653778,1.2674915,1.1325157,"2024-11-19T19:55:49.027Z"