"eur","silver","gold","btc","jpy","gbp","chf","created"
1.0787487,31.675,2701,76156.805,0.006563058,1.2966805,1.1484748,"2024-11-08T11:56:03.099Z"