"eur","silver","platinum","gold","btc","jpy","gbp","chf","created"
1.0545186,30.78,958.7,2595.8,90538.195,0.006470189,1.2634239,1.126913,"2024-11-18T04:56:06.182Z"