"eur","silver","gold","btc","jpy","gbp","chf","created"
1.0778185,31.48,2693.5,76160.195,0.006570259,1.29579,1.148831,"2024-11-08T10:55:49.903Z"