"eur","silver","gold","btc","jpy","gbp","chf","created"
1.072271,31.44,2678.9,80944.73,0.006516059,1.2916893,1.140446,"2024-11-11T06:55:46.673Z"