"eur","silver","platinum","gold","btc","jpy","gbp","chf","created"
1.0473398,31.14,969.3,2690.9,98994.59,0.006457821,1.2572448,1.1274465,"2024-11-22T06:56:02.453Z"