"eur","silver","gold","btc","jpy","gbp","chf","created"
1.0884947,32.8,2754.1,70392.89,0.006578774,1.2898566,1.158225,"2024-10-31T21:56:04.035Z"