"eur","silver","gold","btc","jpy","gbp","chf","created"
1.0750376,31.17,2662.2,74724.234,0.0064911037,1.2931759,1.1427265,"2024-11-07T06:55:51.030Z"