"eur","silver","platinum","gold","btc","jpy","gbp","chf","created"
1.0596588,31.29,972.1,2620.1,90988.586,0.006486725,1.2674915,1.1323874,"2024-11-19T01:21:24.686Z"