"eur","silver","gold","btc","jpy","gbp","chf","created"
1.0757315,31.2,2673.4,74981.016,0.0064930427,1.2901894,1.1407062,"2024-11-07T10:56:15.138Z"