"eur","silver","platinum","gold","btc","jpy","gbp","chf","created"
1.0547411,30.725,957.2,2595.8,90445.875,0.0064617433,1.2637432,1.1266336,"2024-11-18T03:09:40.904Z"