"eur","silver","gold","btc","jpy","gbp","chf","created"
1.0719262,31.53,2696,76101.26,0.0065512336,1.2911056,1.1422827,"2024-11-08T16:56:04.637Z"