"eur","silver","gold","btc","jpy","gbp","chf","created"
1.0549636,30.23,2566,90085.31,0.006412394,1.2684722,1.1270399,"2024-11-14T03:56:14.345Z"