"eur","silver","platinum","gold","btc","jpy","gbp","chf","created"
1.0599958,31.12,973.1,2612.6,90221.17,0.0064674267,1.26807,1.1318234,"2024-11-18T18:56:14.172Z"