"eur","silver","gold","btc","jpy","gbp","chf","created"
1.0621349,31.075,2615,87594.414,0.0064597814,1.2743725,1.1333243,"2024-11-13T03:55:47.808Z"