"eur","silver","gold","btc","jpy","gbp","chf","created"
1.0534078,30.3,2563.1,90762.49,0.0064092297,1.2660152,1.1233052,"2024-11-14T13:56:09.063Z"