"eur","silver","gold","btc","jpy","gbp","chf","created"
1.0537407,30.555,2575.4,87944.01,0.006390593,1.2666566,1.1239113,"2024-11-15T01:21:25.778Z"