"eur","silver","gold","btc","jpy","gbp","chf","created"
1.0882577,32.655,2746.4,68730.016,0.006563015,1.2964787,1.1570994,"2024-11-05T06:56:11.164Z"