"eur","silver","gold","btc","jpy","gbp","chf","created"
1.0688329,31.39,2675.4,81319.66,0.0065032616,1.2897068,1.1380966,"2024-11-11T08:56:05.662Z"