"eur","silver","gold","btc","jpy","gbp","chf","created"
1.0895619,32.905,2747.3,69084.07,0.0065738005,1.2985665,1.1551346,"2024-11-04T06:55:47.393Z"