"eur","silver","gold","btc","jpy","gbp","chf","created"
1.0880209,32.88,2759.5,69265.7,0.0065623685,1.289973,1.1574476,"2024-11-01T03:55:57.460Z"