"eur","silver","gold","btc","jpy","gbp","chf","created"
1.0752689,31.49,2696.2,76293.8,0.006559184,1.2942638,1.1445838,"2024-11-08T15:55:53.890Z"