"eur","silver","gold","btc","jpy","gbp","chf","created"
1.0817828,31.885,2704.8,75949.15,0.006539324,1.2997985,1.1473416,"2024-11-07T15:55:52.657Z"