"eur","silver","platinum","gold","btc","jpy","gbp","chf","created"
1.0518565,30.91,972.7,2670.3,96371.6,0.0064794114,1.2623074,1.1300713,"2024-11-21T15:56:13.065Z"