"eur","silver","platinum","gold","btc","jpy","gbp","chf","created"
1.0528532,31.145,964.9,2667.9,97501.82,0.006472031,1.2640626,1.1323233,"2024-11-21T13:03:57.514Z"