"eur","silver","platinum","gold","btc","jpy","gbp","chf","created"
1.0542963,30.335,946,2567.4,91118.03,0.0064805034,1.26218,1.1274593,"2024-11-16T19:55:50.112Z"