"eur","silver","gold","btc","jpy","gbp","chf","created"
1.0559661,30.565,2574.4,89292.664,0.006421164,1.2702929,1.1263925,"2024-11-14T17:56:07.231Z"