"eur","silver","gold","btc","jpy","gbp","chf","created"
1.0741138,31.01,2661.7,74807.28,0.00648984,1.29224,1.1421784,"2024-11-07T04:56:06.179Z"