"eur","silver","gold","btc","jpy","gbp","chf","created"
1.088613,32.635,2747.1,67674.56,0.0065754866,1.2953703,1.1582117,"2024-11-04T18:56:07.162Z"