"eur","silver","gold","btc","jpy","gbp","chf","created"
1.0719262,31.32,2676.7,81677.19,0.006517545,1.2915391,1.140446,"2024-11-11T03:55:49.738Z"