"eur","silver","platinum","gold","btc","jpy","gbp","chf","created"
1.0596588,31.41,975.2,2626.2,91283.56,0.006490472,1.2679254,1.1322207,"2024-11-19T03:07:52.150Z"