"eur","silver","gold","btc","jpy","gbp","chf","created"
1.0908694,32.865,2754.2,68776.32,0.0065891347,1.2970674,1.1588291,"2024-11-04T13:56:07.919Z"