"eur","silver","platinum","gold","btc","jpy","gbp","chf","created"
1.0536298,31.095,965.2,2668.9,97535.31,0.0064822678,1.2647502,1.132272,"2024-11-21T13:55:53.968Z"