"eur","silver","platinum","gold","btc","jpy","gbp","chf","created"
1.0559661,31.17,976.4,2638.6,94615.43,0.006421824,1.2673789,1.130544,"2024-11-20T13:55:50.318Z"