"eur","silver","gold","btc","jpy","gbp","chf","created"
1.0720412,31.405,2691.1,76486.52,0.0065526506,1.2920564,1.1423349,"2024-11-08T21:55:49.114Z"