"eur","silver","platinum","gold","btc","jpy","gbp","chf","created"
1.0544074,30.835,960.3,2597.4,90317.15,0.0064498647,1.2617819,1.1266971,"2024-11-18T11:56:11.212Z"