"eur","silver","gold","btc","jpy","gbp","chf","created"
1.072386,31.425,2691.7,79258.04,0.0065522213,1.2921399,1.1428572,"2024-11-10T05:56:00.666Z"