"eur","silver","gold","btc","jpy","gbp","chf","created"
1.0606704,30.99,2612,87422.016,0.0064478274,1.273934,1.1318619,"2024-11-13T07:55:47.434Z"