"eur","silver","platinum","gold","btc","jpy","gbp","chf","created"
1.0476689,30.955,969.9,2684.9,98864.59,0.006483697,1.2584631,1.1286299,"2024-11-22T03:56:02.620Z"