"eur","silver","gold","btc","jpy","gbp","chf","created"
1.0622478,30.93,2610,88424.2,0.006457445,1.2745998,1.1333243,"2024-11-13T01:21:04.681Z"