"eur","silver","platinum","gold","btc","jpy","gbp","chf","created"
1.0555204,31.165,969.4,2658.1,95953.11,0.0064546946,1.2658709,1.1328877,"2024-11-21T03:55:47.390Z"