"eur","silver","gold","btc","jpy","gbp","chf","created"
1.0857763,33.7,2789.2,72211.8,0.0065656,1.298364,1.1549745,"2024-10-31T08:54:26.927Z"