"eur","silver","gold","btc","jpy","gbp","chf","created"
1.0753845,31.61,2697.5,75751.51,0.006548917,1.2935439,1.1444921,"2024-11-08T14:56:07.097Z"