"eur","silver","platinum","gold","btc","jpy","gbp","chf","created"
1.0564125,31.495,971.2,2638.6,91811.055,0.006503219,1.2635356,1.1325413,"2024-11-19T10:56:03.640Z"