"eur","silver","platinum","gold","btc","jpy","gbp","chf","created"
1.0551863,31.09,967.9,2658,94933.586,0.0064558615,1.2658548,1.1323874,"2024-11-21T01:21:18.592Z"