"eur","silver","platinum","gold","btc","jpy","gbp","chf","created"
1.059322,31.145,972.8,2613.2,90542.516,0.0064624115,1.2674111,1.131721,"2024-11-18T19:55:50.770Z"