"eur","silver","platinum","gold","btc","jpy","gbp","chf","created"
1.0542963,30.335,946,2567.4,90534.66,0.0064805034,1.2620525,1.1274593,"2024-11-17T13:55:46.329Z"