"eur","silver","gold","btc","jpy","gbp","chf","created"
1.0678056,31.55,2675.5,82022.086,0.006507493,1.2890086,1.1373459,"2024-11-11T10:56:06.736Z"