"eur","silver","gold","btc","jpy","gbp","chf","created"
1.0536298,29.99,2561.9,90743.75,0.0064130514,1.2671059,1.1264559,"2024-11-14T08:56:08.721Z"