"eur","silver","gold","btc","jpy","gbp","chf","created"
1.0880209,32.475,2735.7,67814.2,0.0065679722,1.2956892,1.1571262,"2024-11-05T03:01:15.998Z"