"eur","silver","gold","btc","jpy","gbp","chf","created"
1.055409,30.705,2580.6,89461.3,0.0064149033,1.2692932,1.125391,"2024-11-14T19:56:01.681Z"