"eur","silver","platinum","gold","btc","jpy","gbp","chf","created"
1.0546298,30.935,966.1,2653.8,94444.3,0.0064343023,1.2653743,1.1311194,"2024-11-20T21:55:45.242Z"