"eur","silver","gold","btc","jpy","gbp","chf","created"
1.0837759,32.575,2745.9,68861.61,0.006568403,1.2968991,1.1532428,"2024-11-03T20:55:54.944Z"