"eur","silver","gold","btc","jpy","gbp","chf","created"
1.0567473,30.445,2570.4,89022.99,0.0064400206,1.2653422,1.1261642,"2024-11-15T09:56:05.708Z"