"eur","silver","gold","btc","jpy","gbp","chf","created"
1.0905125,32.805,2750.3,69093.84,0.0065923925,1.2995621,1.1569254,"2024-11-04T03:55:59.916Z"