"eur","silver","gold","btc","jpy","gbp","chf","created"
1.0604453,30.725,2606.9,87620.5,0.006462996,1.273788,1.1330161,"2024-11-12T16:56:17.118Z"