"eur","silver","platinum","gold","btc","jpy","gbp","chf","created"
1.0592098,31.335,973.4,2622.7,91138.414,0.006484411,1.2673789,1.132131,"2024-11-19T02:21:36.321Z"