"eur","silver","gold","btc","jpy","gbp","chf","created"
1.0634904,30.955,2615.5,87794.19,0.006454153,1.2745672,1.1336712,"2024-11-13T13:02:04.344Z"