"eur","silver","platinum","gold","btc","jpy","gbp","chf","created"
1.0534078,31.125,966,2654.8,94342.65,0.0064419294,1.2653904,1.1309147,"2024-11-20T17:56:07.639Z"