"eur","silver","platinum","gold","btc","jpy","gbp","chf","created"
1.0475593,31.01,973.1,2687.5,98706.25,0.006474965,1.2588274,1.1281588,"2024-11-22T03:08:01.568Z"