"eur","silver","gold","btc","jpy","gbp","chf","created"
1.0779347,31.635,2695.9,76040.31,0.006565255,1.2960587,1.14696,"2024-11-08T09:56:02.521Z"