"eur","silver","gold","btc","jpy","gbp","chf","created"
1.0785159,31.915,2709.5,76075.164,0.0065257964,1.2971009,1.1451606,"2024-11-08T01:21:04.152Z"