"eur","silver","gold","btc","jpy","gbp","chf","created"
1.0558547,30.3,2569.2,90256.64,0.0064160144,1.2691482,1.1280444,"2024-11-14T02:19:28.657Z"