"eur","silver","gold","btc","jpy","gbp","chf","created"
1.0928961,32.775,2753.4,69459.79,0.0065971334,1.303628,1.1594337,"2024-11-05T22:56:07.642Z"