"eur","silver","gold","btc","jpy","gbp","chf","created"
1.0862482,32.73,2750.8,70349.28,0.006561077,1.2867198,1.1555083,"2024-10-31T16:55:58.996Z"