"eur","silver","gold","btc","jpy","gbp","chf","created"
1.0557432,30.4,2566,88161.914,0.006406273,1.2685686,1.1261134,"2024-11-15T06:55:53.365Z"