"eur","silver","platinum","gold","btc","jpy","gbp","chf","created"
1.0584251,31.17,977.4,2626.3,92615.3,0.006477901,1.2668972,1.1332729,"2024-11-19T16:56:11.414Z"