"eur","silver","gold","btc","jpy","gbp","chf","created"
1.0626993,31.08,2613.7,87890.32,0.0064615346,1.2750223,1.1337227,"2024-11-13T02:19:10.784Z"