"eur","silver","gold","btc","jpy","gbp","chf","created"
1.0615711,30.975,2610.3,86616.8,0.00645078,1.2741613,1.1322592,"2024-11-13T06:56:10.633Z"