"eur","silver","gold","btc","jpy","gbp","chf","created"
1.0781671,31.645,2693,76290.02,0.0065474166,1.2966468,1.1453573,"2024-11-08T07:55:47.754Z"