"eur","silver","gold","btc","jpy","gbp","chf","created"
1.0900371,32.715,2750,68625.82,0.00657726,1.298027,1.1590172,"2024-11-04T15:55:54.714Z"