"eur","silver","gold","btc","jpy","gbp","chf","created"
1.0623606,30.415,2601.9,86346.81,0.0064922837,1.2819692,1.1332985,"2024-11-12T10:55:48.876Z"