"eur","silver","platinum","gold","btc","jpy","gbp","chf","created"
1.0541852,30.87,965.1,2651.1,94329.5,0.0064319847,1.2646221,1.1303905,"2024-11-20T20:55:58.014Z"