"eur","silver","gold","btc","jpy","gbp","chf","created"
1.088613,32.735,2746.1,68761.32,0.0065807225,1.2967142,1.154721,"2024-11-04T01:21:11.341Z"