"eur","silver","platinum","gold","btc","jpy","gbp","chf","created"
1.046682,30.88,965,2686.8,98960.85,0.006463414,1.2569288,1.1277008,"2024-11-22T05:56:03.799Z"