"eur","silver","gold","btc","jpy","gbp","chf","created"
1.0837759,32.575,2745.9,68612.52,0.006568403,1.2974375,1.1540681,"2024-11-03T19:55:45.662Z"