"eur","silver","gold","btc","jpy","gbp","chf","created"
1.0632643,31.07,2615.6,87602.94,0.0064561116,1.2754126,1.1331445,"2024-11-13T09:55:45.599Z"