"eur","silver","gold","btc","jpy","gbp","chf","created"
1.0785159,31.865,2704.8,75751.4,0.00653202,1.2967309,1.1455016,"2024-11-08T03:01:36.824Z"