"eur","silver","gold","btc","jpy","gbp","chf","created"
1.0715816,31.425,2691.7,80491.55,0.0065514487,1.290839,1.1419827,"2024-11-10T22:55:44.532Z"