"eur","silver","gold","btc","jpy","gbp","chf","created"
1.056859,30.7,2589.2,90752.89,0.0064301654,1.270648,1.129178,"2024-11-13T19:56:21.014Z"