"eur","silver","gold","btc","jpy","gbp","chf","created"
1.0881393,32.625,2748.3,67791.65,0.0065727634,1.2956221,1.1578228,"2024-11-04T19:55:47.148Z"