"eur","silver","gold","btc","jpy","gbp","chf","created"
1.0713521,31.35,2693.6,77131.91,0.006549175,1.2909555,1.1413441,"2024-11-08T19:55:50.395Z"