"eur","silver","platinum","gold","btc","jpy","gbp","chf","created"
1.0590976,31.27,980.1,2632.1,93779.17,0.0064683887,1.2678127,1.1320541,"2024-11-19T18:55:56.288Z"