"eur","silver","gold","btc","jpy","gbp","chf","created"
1.0712373,31.425,2691.7,79749.15,0.006552565,1.2909555,1.1418132,"2024-11-10T19:55:50.203Z"