"eur","silver","platinum","gold","btc","jpy","gbp","chf","created"
1.0573059,31.195,968.3,2613.8,90358.16,0.0064604073,1.2634557,1.1290122,"2024-11-18T14:56:18.400Z"