"eur","silver","gold","btc","jpy","gbp","chf","created"
1.0884947,32.55,2745,67837.836,0.006577779,1.2941298,1.1583056,"2024-11-04T16:56:04.228Z"