"eur","silver","platinum","gold","btc","jpy","gbp","chf","created"
1.0569707,30.81,960.7,2598.2,91686.49,0.006462704,1.2632324,1.1290122,"2024-11-18T09:56:10.373Z"