"eur","silver","gold","btc","jpy","gbp","chf","created"
1.0801469,32.12,2713.3,76027.875,0.006529205,1.298381,1.1460004,"2024-11-07T23:55:51.676Z"