"eur","silver","platinum","gold","btc","jpy","gbp","chf","created"
1.0589855,31.23,979.7,2641,92577.69,0.0064447527,1.2684722,1.1317466,"2024-11-20T05:55:47.838Z"