"eur","silver","platinum","gold","btc","jpy","gbp","chf","created"
1.0528532,31.255,972,2648.2,94754.81,0.0064233914,1.2643024,1.1293437,"2024-11-20T14:56:05.026Z"