"eur","silver","gold","btc","jpy","gbp","chf","created"
1.0570825,30.69,2588.8,92254.734,0.006434054,1.2711488,1.1296371,"2024-11-13T17:56:18.398Z"