"eur","silver","gold","btc","jpy","gbp","chf","created"
1.0720412,31.105,2671.1,74046.2,0.006481679,1.2868688,1.1415395,"2024-11-06T13:56:05.799Z"