"eur","silver","platinum","gold","btc","jpy","gbp","chf","created"
1.0542963,30.335,946,2567.4,90570.93,0.0064805034,1.2620525,1.1274593,"2024-11-17T07:55:51.366Z"