"eur","silver","gold","btc","jpy","gbp","chf","created"
1.0781671,31.79,2702.1,75891.73,0.00654279,1.2965964,1.1456591,"2024-11-08T03:56:00.286Z"