"eur","silver","gold","btc","jpy","gbp","chf","created"
1.0897995,32.725,2748,68859.62,0.0065665487,1.2985326,1.159044,"2024-11-05T13:01:28.136Z"