"eur","silver","gold","btc","jpy","gbp","chf","created"
1.0854228,32.84,2755.6,69503.88,0.006538811,1.2958908,1.1489763,"2024-11-01T15:56:04.398Z"