"eur","silver","platinum","gold","btc","jpy","gbp","chf","created"
1.0594343,31.265,974.7,2614.5,91390.21,0.006465838,1.2667849,1.1312089,"2024-11-18T17:55:54.912Z"