"eur","silver","platinum","gold","btc","jpy","gbp","chf","created"
1.055409,30.42,946.1,2570.4,89358,0.006496586,1.2628655,1.128439,"2024-11-15T18:56:05.564Z"