"eur","silver","platinum","gold","btc","jpy","gbp","chf","created"
1.0595466,31.255,979.5,2639.9,92272.38,0.006450115,1.2687619,1.1321054,"2024-11-20T04:56:02.649Z"