"eur","silver","platinum","gold","btc","jpy","gbp","chf","created"
1.0477787,30.895,969.5,2678.3,98205.58,0.0064803776,1.2592555,1.1283244,"2024-11-22T01:21:20.905Z"