"eur","silver","gold","btc","jpy","gbp","chf","created"
1.0888501,32.69,2749.3,68891.875,0.006581979,1.2973366,1.155535,"2024-11-04T02:20:50.227Z"