"eur","silver","gold","btc","jpy","gbp","chf","created"
1.0838934,32.495,2744.3,69020.82,0.006537187,1.2923069,1.1486068,"2024-11-01T19:56:00.962Z"