"eur","silver","gold","btc","jpy","gbp","chf","created"
1.0721561,31.2,2666.5,75373.92,0.0064696027,1.2879794,1.1401339,"2024-11-07T01:21:07.444Z"