"eur","silver","platinum","gold","btc","jpy","gbp","chf","created"
1.0542963,31.055,965.9,2656.3,93986.8,0.0064373263,1.2648782,1.1307613,"2024-11-20T19:55:51.305Z"