"eur","silver","gold","btc","jpy","gbp","chf","created"
1.0729614,31.225,2662.5,75374.836,0.0064755515,1.289973,1.1416568,"2024-11-07T02:18:56.493Z"