"eur","silver","gold","btc","jpy","gbp","chf","created"
1.0730765,31.285,2668,75778.24,0.006471403,1.2881618,1.1417611,"2024-11-06T22:55:55.251Z"