"eur","silver","gold","btc","jpy","gbp","chf","created"
1.0539628,29.96,2556.8,91305.72,0.006410462,1.2667047,1.1244167,"2024-11-14T13:03:08.622Z"