"eur","silver","platinum","gold","btc","jpy","gbp","chf","created"
1.0549636,30.565,954.1,2583.4,90242.45,0.00645707,1.2641267,1.1261642,"2024-11-18T01:21:32.286Z"