"eur","silver","gold","btc","jpy","gbp","chf","created"
1.072386,31.79,2717.1,74298.22,0.006493591,1.2864714,1.1452392,"2024-11-06T06:56:03.675Z"