"eur","silver","platinum","gold","btc","jpy","gbp","chf","created"
1.0598835,31.365,981.1,2636.3,92619.836,0.006464249,1.2681664,1.1332344,"2024-11-19T20:55:55.704Z"