"eur","silver","gold","btc","jpy","gbp","chf","created"
1.0645093,30.645,2622.8,88727.59,0.006513979,1.2838289,1.1348934,"2024-11-12T04:56:07.399Z"