"eur","silver","gold","btc","jpy","gbp","chf","created"
1.0880209,32.575,2745.9,68935.63,0.0065621105,1.2964283,1.1525252,"2024-11-03T22:55:45.742Z"