"eur","silver","gold","btc","jpy","gbp","chf","created"
1.0760788,31.15,2672.1,74789.086,0.006489924,1.2902726,1.140459,"2024-11-07T11:56:06.834Z"