"eur","silver","gold","btc","jpy","gbp","chf","created"
1.056524,30.55,2580,88930.484,0.006410873,1.270422,1.1261008,"2024-11-14T16:56:14.521Z"