"eur","silver","gold","btc","jpy","gbp","chf","created"
1.0888501,32.825,2756.4,70320.58,0.006583539,1.28979,1.1581178,"2024-10-31T23:55:47.820Z"