"eur","silver","gold","btc","jpy","gbp","chf","created"
1.0704346,31.385,2692.8,76796.055,0.006547331,1.2901728,1.1409403,"2024-11-08T18:55:57.439Z"