"eur","silver","platinum","gold","btc","jpy","gbp","chf","created"
1.0588733,31.29,980.3,2631,92364.64,0.006493464,1.2666886,1.1334141,"2024-11-19T15:55:53.225Z"