"eur","silver","gold","btc","jpy","gbp","chf","created"
1.0583131,30.98,2612.9,91853.98,0.0064579044,1.2705996,1.1311578,"2024-11-13T14:55:54.657Z"