"eur","silver","gold","btc","jpy","gbp","chf","created"
1.0653031,30.63,2622.8,84096.984,0.006500894,1.2867032,1.1363636,"2024-11-11T16:55:56.623Z"