"eur","silver","gold","btc","jpy","gbp","chf","created"
1.0519671,30.565,2572.7,87852.805,0.0063964794,1.2653743,1.1221582,"2024-11-14T20:56:04.527Z"