"eur","silver","gold","btc","jpy","gbp","chf","created"
1.0881393,32.55,2742.8,67999.73,0.0065680584,1.2959076,1.1572868,"2024-11-05T02:18:49.770Z"