"eur","silver","platinum","gold","btc","jpy","gbp","chf","created"
1.0551863,30.96,968.9,2627.7,93444.29,0.0064215763,1.2662555,1.1291015,"2024-11-20T10:56:05.917Z"