"eur","silver","gold","btc","jpy","gbp","chf","created"
1.0861301,32.8,2749.6,70684.54,0.0065710363,1.2858099,1.155535,"2024-10-31T17:55:49.840Z"