"eur","silver","gold","btc","jpy","gbp","chf","created"
1.0875475,32.875,2763,69529.016,0.0065528653,1.2888426,1.1571797,"2024-11-01T05:56:11.754Z"