"eur","silver","gold","btc","jpy","gbp","chf","created"
1.090156,32.7,2749.5,69324.91,0.006593914,1.2988869,1.157019,"2024-11-04T03:06:38.351Z"