"eur","silver","gold","btc","jpy","gbp","chf","created"
1.0626993,30.83,2604,88284.305,0.006466214,1.2748435,1.1340954,"2024-11-12T21:55:51.975Z"