"eur","silver","gold","btc","jpy","gbp","chf","created"
1.0881393,33.59,2784.9,72078.09,0.006546902,1.2979933,1.1557487,"2024-10-31T13:02:26.789Z"