"eur","silver","platinum","gold","btc","jpy","gbp","chf","created"
1.0537407,30.32,946.1,2565.8,91751.586,0.006476684,1.2617023,1.1258852,"2024-11-15T21:55:53.601Z"