"eur","silver","gold","btc","jpy","gbp","chf","created"
1.077238,31.62,2698.6,76145.414,0.006561852,1.2942973,1.1467627,"2024-11-08T13:01:22.611Z"