"eur","silver","gold","btc","jpy","gbp","chf","created"
1.0737679,31.45,2682,74303.625,0.0064823097,1.2883775,1.1427658,"2024-11-06T15:56:10.546Z"