"eur","silver","gold","btc","jpy","gbp","chf","created"
1.0712373,31.435,2694.2,76515.98,0.0065505044,1.28979,1.1416829,"2024-11-08T17:55:49.404Z"