"eur","silver","platinum","gold","btc","jpy","gbp","chf","created"
1.0542963,30.335,946,2567.4,91306.65,0.0064805034,1.26218,1.1274593,"2024-11-16T09:56:15.615Z"