"eur","silver","gold","btc","jpy","gbp","chf","created"
1.0721561,31.415,2694.7,76662.34,0.0065547125,1.2922068,1.1421131,"2024-11-08T20:56:06.458Z"