"eur","silver","gold","btc","jpy","gbp","chf","created"
1.064396,30.475,2617.5,88565.51,0.00651207,1.2836971,1.1347775,"2024-11-12T05:56:05.822Z"