"eur","silver","gold","btc","jpy","gbp","chf","created"
1.0760788,32.25,2725.9,73906.38,0.00649857,1.2907056,1.1442957,"2024-11-06T09:56:10.676Z"