"eur","silver","gold","btc","jpy","gbp","chf","created"
1.0733069,31.245,2675,74232.95,0.0064679706,1.2888426,1.1409273,"2024-11-06T16:56:04.240Z"