"eur","silver","platinum","gold","btc","jpy","gbp","chf","created"
1.0602205,31.255,973.5,2616.5,91431.95,0.0064678453,1.2678771,1.1325285,"2024-11-18T21:55:56.070Z"