"eur","silver","gold","btc","jpy","gbp","chf","created"
1.0541852,30.57,2572.8,88032.69,0.006392922,1.2673308,1.124303,"2024-11-15T02:21:44.570Z"