"eur","silver","gold","btc","jpy","gbp","chf","created"
1.0621349,30.775,2604.6,88222.46,0.006466758,1.2740963,1.1337227,"2024-11-12T23:56:00.739Z"