"eur","silver","gold","btc","jpy","gbp","chf","created"
1.0863662,33.255,2772.7,71400.38,0.006538811,1.2940125,1.1558422,"2024-10-31T13:56:09.044Z"