"eur","silver","gold","btc","jpy","gbp","chf","created"
1.0726161,31.365,2686.2,80492.83,0.0065310816,1.2919563,1.1412529,"2024-11-11T01:21:03.499Z"