"eur","silver","gold","btc","jpy","gbp","chf","created"
1.0646226,30.61,2622.7,83963.35,0.0065000067,1.286902,1.1361699,"2024-11-11T15:55:52.797Z"