"eur","silver","gold","btc","jpy","gbp","chf","created"
1.0857763,33.675,2789.9,72251,0.006560345,1.297808,1.1548678,"2024-10-31T09:03:52.446Z"