"eur","silver","platinum","gold","btc","jpy","gbp","chf","created"
1.0580891,31.375,976.2,2637.8,91482.805,0.0065136394,1.2635676,1.1354605,"2024-11-19T13:55:58.726Z"