"eur","silver","gold","btc","jpy","gbp","chf","created"
1.0894432,32.765,2750.2,68759.43,0.00657082,1.2976396,1.1601602,"2024-11-05T09:56:06.015Z"