"eur","silver","gold","btc","jpy","gbp","chf","created"
1.090156,32.88,2754,68302.55,0.006583755,1.297387,1.1587082,"2024-11-04T14:56:07.778Z"