"eur","silver","platinum","gold","btc","jpy","gbp","chf","created"
1.0551863,31.15,969.1,2659.8,94651.29,0.0064496985,1.2657907,1.1325669,"2024-11-21T02:21:14.621Z"