"eur","silver","gold","btc","jpy","gbp","chf","created"
1.0615711,30.84,2607,88958.39,0.0064631216,1.2738043,1.1334913,"2024-11-12T19:56:05.502Z"