"eur","silver","gold","btc","jpy","gbp","chf","created"
1.081081,32.12,2715.5,76062.43,0.0065390253,1.2979764,1.146145,"2024-11-07T21:56:03.170Z"