"eur","silver","gold","btc","jpy","gbp","chf","created"
1.0874293,32.73,2758.2,69288.43,0.0065554427,1.2898399,1.15218,"2024-11-01T07:56:12.040Z"