"eur","silver","gold","btc","jpy","gbp","chf","created"
1.0532968,30.535,2570.6,88099.56,0.0064006555,1.2665603,1.1237217,"2024-11-14T22:56:01.440Z"