"eur","silver","gold","btc","jpy","gbp","chf","created"
1.0531858,30.545,2571.7,88133.37,0.006397912,1.2667688,1.1229646,"2024-11-14T21:55:54.726Z"