"eur","silver","gold","btc","jpy","gbp","chf","created"
1.0931351,32.79,2753.2,69274.914,0.0065952623,1.3040531,1.1584666,"2024-11-05T21:56:00.197Z"