"eur","silver","platinum","gold","btc","jpy","gbp","chf","created"
1.0529641,30.345,944.8,2568.3,91340.7,0.0064799995,1.2606366,1.1259993,"2024-11-15T20:56:13.146Z"