"eur","silver","gold","btc","jpy","gbp","chf","created"
1.0877842,32.6,2744,68331.45,0.0065584094,1.2957228,1.1568316,"2024-11-05T04:56:15.487Z"