"eur","silver","platinum","gold","btc","jpy","gbp","chf","created"
1.0551863,30.91,961.5,2599.1,90512.66,0.006437658,1.2626581,1.1263671,"2024-11-18T13:04:36.082Z"