"eur","silver","platinum","gold","btc","jpy","gbp","chf","created"
1.0537407,30.335,946,2567.4,89557.81,0.0064709843,1.2616545,1.126913,"2024-11-17T22:55:55.688Z"