"eur","silver","gold","btc","jpy","gbp","chf","created"
1.064736,30.77,2628.4,88687.945,0.0064976416,1.28538,1.1345458,"2024-11-12T02:18:10.199Z"