"eur","silver","gold","btc","jpy","gbp","chf","created"
1.0631512,30.94,2613.9,87895.82,0.0064579044,1.274551,1.1332729,"2024-11-13T11:56:00.243Z"