"eur","silver","gold","btc","jpy","gbp","chf","created"
1.0555204,30.315,2565.7,89026.3,0.0064174966,1.2690678,1.126012,"2024-11-14T14:56:10.853Z"