"eur","silver","platinum","gold","btc","jpy","gbp","chf","created"
1.0579771,30.79,955.5,2576.3,89625.29,0.006432771,1.2688102,1.1265956,"2024-11-15T11:56:05.143Z"