"eur","silver","gold","btc","jpy","gbp","chf","created"
1.0749221,31.175,2664,74825.14,0.006490219,1.2930087,1.1426743,"2024-11-07T05:55:50.372Z"