"eur","silver","gold","btc","jpy","gbp","chf","created"
1.0877842,32.665,2748.1,68823.94,0.0065660314,1.2955214,1.1527377,"2024-11-03T23:55:52.502Z"