"eur","silver","gold","btc","jpy","gbp","chf","created"
1.0594343,30.805,2607.4,92403.664,0.006453653,1.2721837,1.1321951,"2024-11-13T15:56:06.502Z"