"eur","silver","gold","btc","jpy","gbp","chf","created"
1.0689471,31.9,2707,74225.89,0.006477061,1.284736,1.140602,"2024-11-06T13:02:04.682Z"