"eur","silver","gold","btc","jpy","gbp","chf","created"
1.0569707,30.72,2597.8,92496.484,0.006439772,1.2709225,1.1301478,"2024-11-13T16:56:05.237Z"