"eur","silver","platinum","gold","btc","jpy","gbp","chf","created"
1.0490978,31.425,978.8,2701.3,99314.42,0.006458613,1.2577193,1.128974,"2024-11-22T08:03:25.659Z"