"eur","silver","gold","btc","jpy","gbp","chf","created"
1.0906315,32.87,2749.8,68735.12,0.006585923,1.2962604,1.1580641,"2024-11-04T10:56:04.848Z"