"eur","silver","gold","btc","jpy","gbp","chf","created"
1.0621349,30.86,2606.9,89757.1,0.0064671338,1.2742587,1.1334527,"2024-11-12T20:56:10.652Z"