"eur","silver","gold","btc","jpy","gbp","chf","created"
1.0616838,30.98,2611.1,86835.555,0.006455361,1.2744535,1.1328492,"2024-11-13T05:56:07.095Z"