"eur","silver","gold","btc","jpy","gbp","chf","created"
1.0900371,32.77,2748.5,68746.99,0.006583539,1.2990893,1.1557888,"2024-11-04T05:55:58.849Z"