"eur","silver","gold","btc","jpy","gbp","chf","created"
1.0684903,31.44,2673.9,81757.8,0.006509442,1.2900063,1.138628,"2024-11-11T09:56:06.520Z"