"eur","silver","gold","btc","jpy","gbp","chf","created"
1.056524,30.34,2575.6,90487.45,0.0064342613,1.270761,1.128821,"2024-11-13T23:56:04.712Z"