"eur","silver","platinum","gold","btc","jpy","gbp","chf","created"
1.0537407,30.685,955,2593.2,90629.75,0.006467469,1.2626423,1.1263798,"2024-11-18T03:56:45.333Z"