"eur","silver","gold","btc","jpy","gbp","chf","created"
1.0542963,30.6,2573.7,88266.05,0.00639235,1.2676681,1.124227,"2024-11-15T03:55:58.513Z"