"eur","silver","platinum","gold","btc","jpy","gbp","chf","created"
1.0477787,30.98,969.2,2687.8,98875.695,0.0064762225,1.2586216,1.128579,"2024-11-22T04:55:59.445Z"