"eur","silver","gold","btc","jpy","gbp","chf","created"
1.0545186,30.61,2573.8,87175.72,0.0063969702,1.2676039,1.1246064,"2024-11-15T04:56:05.294Z"