"eur","silver","gold","btc","jpy","gbp","chf","created"
1.0757315,31.27,2670.8,74919.06,0.006496544,1.2933265,1.1431054,"2024-11-07T07:56:01.692Z"