"eur","silver","gold","btc","jpy","gbp","chf","created"
1.0922993,32.77,2747.2,70227.805,0.0065804194,1.3013717,1.1581581,"2024-11-05T16:56:02.614Z"