"eur","silver","gold","btc","jpy","gbp","chf","created"
1.0801469,32.065,2711.3,76509.68,0.0065394095,1.297926,1.1462764,"2024-11-07T20:56:03.739Z"