"eur","silver","gold","btc","jpy","gbp","chf","created"
1.0882577,32.605,2743.9,68705.734,0.0065605175,1.2963107,1.1572467,"2024-11-05T05:55:59.265Z"