"eur","silver","gold","btc","jpy","gbp","chf","created"
1.0632643,30.355,2600.5,87983.875,0.006490641,1.2826927,1.1333756,"2024-11-12T09:55:52.596Z"