"eur","silver","platinum","gold","btc","jpy","gbp","chf","created"
1.0544074,30.335,946,2567.4,89629.2,0.0064805034,1.2608274,1.1316057,"2024-11-17T20:55:59.510Z"