"eur","silver","gold","btc","jpy","gbp","chf","created"
1.0781671,31.545,2693.6,75875.99,0.0065639624,1.2954038,1.1467891,"2024-11-08T08:56:03.705Z"