"eur","silver","platinum","gold","btc","jpy","gbp","chf","created"
1.0542963,30.335,946,2567.4,91141.66,0.0064805034,1.26218,1.1274593,"2024-11-16T11:55:46.365Z"