"eur","silver","gold","btc","jpy","gbp","chf","created"
1.0874293,32.87,2762.3,69244.12,0.006560345,1.289607,1.157153,"2024-11-01T06:55:52.066Z"