"eur","silver","gold","btc","jpy","gbp","chf","created"
1.0860122,32.76,2747.2,70479.93,0.0065706046,1.2858099,1.1569922,"2024-10-31T15:56:11.390Z"