"eur","silver","gold","btc","jpy","gbp","chf","created"
1.0525208,29.83,2547.8,90726.195,0.0064053293,1.2661113,1.1247582,"2024-11-14T09:56:04.551Z"