"eur","silver","gold","btc","jpy","gbp","chf","created"
1.0574178,30.545,2573.5,88051.11,0.0064342613,1.2661113,1.1275228,"2024-11-15T08:55:59.195Z"