"eur","silver","gold","btc","jpy","gbp","chf","created"
1.0790979,31.855,2702.9,76018.68,0.0065286085,1.2982798,1.1463552,"2024-11-07T16:56:00.248Z"