"eur","silver","gold","btc","jpy","gbp","chf","created"
1.0664392,30.805,2629.3,88851.75,0.0065152524,1.2873161,1.136028,"2024-11-11T23:55:46.642Z"