"eur","silver","gold","btc","jpy","gbp","chf","created"
1.0656437,30.825,2632.1,87363.08,0.0065078326,1.2864714,1.1354089,"2024-11-11T20:56:07.749Z"