"eur","silver","platinum","gold","btc","jpy","gbp","chf","created"
1.0522993,31.15,968.5,2652.7,94027.85,0.006436332,1.2641107,1.129331,"2024-11-20T16:56:41.291Z"