"eur","silver","gold","btc","jpy","gbp","chf","created"
1.0836585,32.56,2744.5,69167.69,0.0065369303,1.2920231,1.1498218,"2024-11-01T20:56:13.472Z"