"eur","silver","gold","btc","jpy","gbp","chf","created"
1.0807306,32.14,2714,75822.23,0.006539923,1.2989374,1.1468548,"2024-11-07T22:56:07.478Z"