"eur","silver","platinum","gold","btc","jpy","gbp","chf","created"
1.0488777,30.89,970.6,2672.5,97799.95,0.0064754263,1.2600806,1.1288975,"2024-11-21T17:55:52.360Z"