"eur","silver","platinum","gold","btc","jpy","gbp","chf","created"
1.0602205,31.24,979.1,2643.4,91900.18,0.006456611,1.2690033,1.1327081,"2024-11-20T02:21:19.101Z"