"eur","silver","gold","btc","jpy","gbp","chf","created"
1.0881393,32.575,2745.9,69106.66,0.0065710363,1.2974712,1.1531365,"2024-11-03T21:55:58.700Z"