"eur","silver","gold","btc","jpy","gbp","chf","created"
1.084834,32.52,2745.9,70699.88,0.0065380414,1.2970842,1.1511321,"2024-11-06T01:20:59.121Z"