"eur","silver","gold","btc","jpy","gbp","chf","created"
1.0779347,31.38,2680.2,75005.44,0.0065044034,1.2958571,1.1431054,"2024-11-07T13:01:19.998Z"