"eur","silver","platinum","gold","btc","jpy","gbp","chf","created"
1.0490978,30.97,971.8,2674.2,98125.43,0.0064699794,1.2603507,1.1283371,"2024-11-21T18:56:08.393Z"