"eur","silver","gold","btc","jpy","gbp","chf","created"
1.0908694,32.89,2747.6,69479.07,0.006581762,1.3008807,1.1576219,"2024-11-05T15:55:53.563Z"