"eur","silver","gold","btc","jpy","gbp","chf","created"
1.0843635,32.575,2745.9,68298.13,0.006538255,1.2920231,1.1550012,"2024-11-03T17:56:04.107Z"