"eur","silver","gold","btc","jpy","gbp","chf","created"
1.0801469,31.845,2704,76644.08,0.006536375,1.2977238,1.1455016,"2024-11-07T18:55:51.033Z"