"eur","silver","gold","btc","jpy","gbp","chf","created"
1.0629251,31.075,2616.3,87979.125,0.0064627873,1.2754776,1.1336198,"2024-11-13T03:01:54.781Z"