"eur","silver","platinum","gold","btc","jpy","gbp","chf","created"
1.0602205,31.335,979.1,2643.4,92041.04,0.0064534033,1.2687619,1.1325669,"2024-11-20T01:21:19.099Z"