"eur","silver","platinum","gold","btc","jpy","gbp","chf","created"
1.0551863,30.415,946.4,2568.5,89399.85,0.00646977,1.2623553,1.1263925,"2024-11-15T16:55:57.549Z"