"eur","silver","platinum","gold","btc","jpy","gbp","chf","created"
1.0598835,31.25,974.4,2616.7,90528.07,0.0064703976,1.2677646,1.1324387,"2024-11-18T23:55:51.817Z"