"eur","silver","platinum","gold","btc","jpy","gbp","chf","created"
1.0586492,31.05,976.3,2627.7,92849.65,0.0064242994,1.2703575,1.1308763,"2024-11-20T07:55:57.514Z"