"eur","silver","gold","btc","jpy","gbp","chf","created"
1.080497,31.905,2706.4,76401.77,0.006535734,1.2985665,1.1463815,"2024-11-07T17:55:52.931Z"