"eur","silver","gold","btc","jpy","gbp","chf","created"
1.0726161,31.385,2679.8,81453.26,0.006526009,1.291973,1.1414744,"2024-11-11T02:19:36.147Z"