"eur","silver","gold","btc","jpy","gbp","chf","created"
1.0741138,32.045,2732.6,73622.766,0.0065001333,1.2872498,1.1447148,"2024-11-06T07:56:03.338Z"