"eur","silver","gold","btc","jpy","gbp","chf","created"
1.0640562,30.68,2627.6,82467.29,0.006498486,1.2864218,1.1357957,"2024-11-11T14:56:04.870Z"