"eur","silver","gold","btc","jpy","gbp","chf","created"
1.0655301,30.67,2620.4,84910.58,0.0064989086,1.2869184,1.1363508,"2024-11-11T17:55:54.892Z"