"eur","silver","gold","btc","jpy","gbp","chf","created"
1.0714668,31.29,2676.8,81423.51,0.0065120277,1.2907056,1.1398739,"2024-11-11T04:56:02.311Z"