"eur","silver","gold","btc","jpy","gbp","chf","created"
1.0815488,31.845,2698,74876.66,0.006529887,1.2995114,1.1465918,"2024-11-07T14:56:12.412Z"