"eur","silver","gold","btc","jpy","gbp","chf","created"
1.0861301,32.9,2757,69890.2,0.0065492173,1.2911056,1.15218,"2024-11-01T10:55:58.737Z"