"eur","silver","gold","btc","jpy","gbp","chf","created"
1.0915838,32.875,2748.8,68719.78,0.006598221,1.2980944,1.1598237,"2024-11-04T11:56:03.216Z"