"eur","silver","platinum","gold","btc","jpy","gbp","chf","created"
1.0486578,30.85,971,2672.3,97954.04,0.006470942,1.2603347,1.128388,"2024-11-21T19:55:56.066Z"