"eur","silver","platinum","gold","btc","jpy","gbp","chf","created"
1.0599958,31.295,980.9,2643.5,91641.91,0.006457112,1.2690356,1.1326054,"2024-11-20T03:07:29.071Z"