"eur","silver","gold","btc","jpy","gbp","chf","created"
1.0719262,31.425,2691.7,80828.4,0.006553123,1.2923403,1.1418132,"2024-11-10T18:56:12.775Z"