"eur","silver","gold","btc","jpy","gbp","chf","created"
1.0894432,32.76,2747,68610.28,0.006571295,1.2971178,1.155535,"2024-11-04T07:55:59.437Z"