"eur","silver","platinum","gold","btc","jpy","gbp","chf","created"
1.0536298,30.465,950.8,2578.6,89844.57,0.0064678453,1.2616386,1.1254797,"2024-11-17T23:56:00.015Z"