"eur","silver","gold","btc","jpy","gbp","chf","created"
1.0713521,31.425,2691.7,79164.305,0.0065511055,1.2912556,1.1416829,"2024-11-10T20:56:01.180Z"