"eur","silver","gold","btc","jpy","gbp","chf","created"
1.0895619,32.73,2748.9,68845.1,0.00657,1.2982966,1.1590708,"2024-11-05T08:56:05.462Z"