"eur","silver","gold","btc","jpy","gbp","chf","created"
1.0657572,30.73,2626.1,86219.336,0.006503388,1.2864383,1.1355636,"2024-11-11T19:56:17.645Z"