"eur","silver","gold","btc","jpy","gbp","chf","created"
1.0714668,31.425,2691.7,79864.74,0.0065521356,1.291389,1.1419436,"2024-11-10T21:56:02.687Z"