"eur","silver","gold","btc","jpy","gbp","chf","created"
1.0622478,30.615,2611.2,86268.74,0.006486935,1.2818869,1.1349063,"2024-11-12T13:02:32.775Z"