"eur","silver","gold","btc","jpy","gbp","chf","created"
1.077354,32.475,2739.7,73358.22,0.006497346,1.291756,1.1449114,"2024-11-06T08:55:46.319Z"