"eur","silver","gold","btc","jpy","gbp","chf","created"
1.089206,32.9,2757,70176.79,0.0065817186,1.2900729,1.1583593,"2024-11-01T01:21:27.647Z"