"eur","silver","platinum","gold","btc","jpy","gbp","chf","created"
1.0563009,31.41,969.4,2637.8,91702.26,0.0064957845,1.2634717,1.1321951,"2024-11-19T11:55:55.366Z"