"eur","silver","gold","btc","jpy","gbp","chf","created"
1.0888501,32.805,2756,70352.35,0.0065760487,1.2902726,1.1581447,"2024-10-31T22:55:51.217Z"