"eur","silver","gold","btc","jpy","gbp","chf","created"
1.0876659,32.495,2743.1,67826.98,0.006562627,1.2948672,1.1571931,"2024-11-05T01:21:01.222Z"