"eur","silver","platinum","gold","btc","jpy","gbp","chf","created"
1.0549636,30.695,955.2,2587.8,91779.88,0.006471445,1.2626901,1.1273704,"2024-11-18T07:56:08.604Z"