"eur","silver","gold","btc","jpy","gbp","chf","created"
1.0566357,30.455,2581,89006.16,0.0064332266,1.2710034,1.128974,"2024-11-13T21:55:56.025Z"