"eur","silver","gold","btc","jpy","gbp","chf","created"
1.0757315,32.595,2752.7,73187.18,0.006488535,1.2905391,1.1453048,"2024-11-06T03:00:38.515Z"