"eur","silver","platinum","gold","btc","jpy","gbp","chf","created"
1.0542963,30.355,944.4,2567.6,90705.3,0.0064857993,1.2619729,1.1269637,"2024-11-15T19:56:00.326Z"