"eur","silver","platinum","gold","btc","jpy","gbp","chf","created"
1.0580891,30.695,953.4,2573.1,89770.81,0.006436663,1.2680539,1.1266083,"2024-11-15T13:03:11.764Z"