"eur","silver","gold","btc","jpy","gbp","chf","created"
1.0879025,32.945,2762.5,69520.99,0.006556904,1.2896901,1.1572199,"2024-11-01T04:55:55.980Z"