"eur","silver","gold","btc","jpy","gbp","chf","created"
1.0790979,31.89,2704.9,75894.73,0.0065365885,1.2974375,1.1459874,"2024-11-08T02:18:57.070Z"