"eur","silver","platinum","gold","btc","jpy","gbp","chf","created"
1.059322,31.2,973.8,2612.7,91073.83,0.0064673014,1.2675235,1.132131,"2024-11-18T20:55:53.757Z"