"eur","silver","gold","btc","jpy","gbp","chf","created"
1.0785159,31.82,2701.3,75931.28,0.006546002,1.2966805,1.1456066,"2024-11-08T04:55:45.314Z"