"eur","silver","gold","btc","jpy","gbp","chf","created"
1.0895619,32.77,2748.9,68667.516,0.0065679722,1.2981619,1.1600524,"2024-11-05T10:56:09.148Z"