"eur","silver","platinum","gold","btc","jpy","gbp","chf","created"
1.0592098,31.27,979.9,2642.8,92134.18,0.0064528203,1.2681183,1.1320157,"2024-11-20T03:55:45.779Z"