"eur","silver","gold","btc","jpy","gbp","chf","created"
1.053075,30.035,2557.7,91545.7,0.006413011,1.2655826,1.1241765,"2024-11-14T11:56:03.322Z"