"eur","silver","gold","btc","jpy","gbp","chf","created"
1.0807306,32.615,2752.9,71773.2,0.006522817,1.2939457,1.1477762,"2024-11-06T02:18:31.415Z"