"eur","silver","platinum","gold","btc","jpy","gbp","chf","created"
1.055409,30.405,946.9,2566.8,89360.49,0.0064844536,1.2627379,1.1280571,"2024-11-15T17:56:08.097Z"