"eur","silver","gold","btc","jpy","gbp","chf","created"
1.0621349,30.415,2601.3,87033.59,0.00648883,1.2823472,1.1353574,"2024-11-12T11:55:54.781Z"