"eur","silver","gold","btc","jpy","gbp","chf","created"
1.0737679,31.35,2675.1,75749.445,0.0064756353,1.289208,1.1414613,"2024-11-06T19:56:14.540Z"