"eur","silver","gold","btc","jpy","gbp","chf","created"
1.0843635,32.575,2745.9,69755.516,0.006538255,1.2920231,1.1502185,"2024-11-02T07:56:03.534Z"