"eur","silver","platinum","gold","btc","jpy","gbp","chf","created"
1.0532968,30.985,963.7,2669.7,97263.57,0.00648904,1.2633121,1.1317081,"2024-11-21T14:55:55.321Z"