"eur","silver","gold","btc","jpy","gbp","chf","created"
1.0691757,31.34,2677.9,81161.984,0.0065090186,1.28979,1.1389003,"2024-11-11T07:56:02.285Z"