"eur","silver","gold","btc","jpy","gbp","chf","created"
1.0869565,32.71,2751.2,70763.01,0.0065546264,1.2901394,1.156979,"2024-10-31T14:55:51.672Z"