"eur","silver","gold","btc","jpy","gbp","chf","created"
1.0623606,30.825,2604.7,88629.555,0.0064710258,1.2748922,1.1341212,"2024-11-12T22:55:46.801Z"