"eur","silver","gold","btc","jpy","gbp","chf","created"
1.0874293,33.145,2766.9,70869.25,0.0065586246,1.2978922,1.1522728,"2024-11-01T13:55:51.676Z"