"eur","silver","platinum","gold","btc","jpy","gbp","chf","created"
1.0541852,30.685,956.2,2591.2,90610.81,0.0064712353,1.2631047,1.1268367,"2024-11-18T05:56:06.349Z"