"eur","silver","gold","btc","jpy","gbp","chf","created"
1.090156,32.755,2749.3,68797.39,0.006572548,1.2988362,1.160618,"2024-11-05T11:56:04.122Z"