"eur","silver","gold","btc","jpy","gbp","chf","created"
1.0707785,31.105,2670.1,73809.375,0.0064786137,1.284439,1.1415265,"2024-11-06T14:55:53.735Z"