"eur","silver","gold","btc","jpy","gbp","chf","created"
1.0736525,31.25,2670.8,75638.99,0.0064801257,1.2883775,1.1421784,"2024-11-06T23:55:52.848Z"