"eur","silver","gold","btc","jpy","gbp","chf","created"
1.0786322,31.835,2701.3,76092.516,0.006542276,1.2971178,1.1455541,"2024-11-08T05:56:06.881Z"