"eur","silver","gold","btc","jpy","gbp","chf","created"
1.0843635,32.575,2745.9,68444.805,0.006538255,1.2920231,1.1502185,"2024-11-03T10:56:01.899Z"