"eur","silver","gold","btc","jpy","gbp","chf","created"
1.0756158,32.34,2731.2,73889.76,0.0064948983,1.28979,1.1424785,"2024-11-06T10:56:10.346Z"