"eur","silver","gold","btc","jpy","gbp","chf","created"
1.0876659,32.52,2745.8,67737.23,0.0065703886,1.2954543,1.1572601,"2024-11-04T23:56:06.842Z"