"eur","silver","gold","btc","jpy","gbp","chf","created"
1.0649627,30.855,2644.1,81900.03,0.0065013166,1.286637,1.1364024,"2024-11-11T13:56:10.394Z"