"eur","silver","platinum","gold","btc","jpy","gbp","chf","created"
1.0601081,31.26,973.4,2616.1,91322.96,0.006466172,1.2681022,1.1325285,"2024-11-18T22:56:02.831Z"