"eur","silver","gold","btc","jpy","gbp","chf","created"
1.0551863,30.585,2575.5,89199.51,0.0064156437,1.2689872,1.1255684,"2024-11-14T18:56:10.038Z"