"eur","silver","platinum","gold","btc","jpy","gbp","chf","created"
1.0571942,31.365,971.2,2630.7,91760.44,0.006508679,1.2655025,1.1327595,"2024-11-19T08:56:07.663Z"