"eur","silver","gold","btc","jpy","gbp","chf","created"
1.0841284,32.57,2746.3,69095.93,0.006538255,1.2926577,1.1489367,"2024-11-01T18:56:04.132Z"