"eur","silver","platinum","gold","btc","jpy","gbp","chf","created"
1.0578653,31.325,978.6,2634.2,92189.17,0.0064928317,1.2644624,1.1336583,"2024-11-19T14:55:45.071Z"