"eur","silver","platinum","gold","btc","jpy","gbp","chf","created"
1.0473398,30.92,971,2681.7,98396.195,0.00647551,1.2586849,1.1281207,"2024-11-22T02:21:43.681Z"