"eur","silver","gold","btc","jpy","gbp","chf","created"
1.0843635,32.575,2745.9,69412.83,0.006538255,1.2920231,1.1502185,"2024-11-02T18:56:17.684Z"