"eur","silver","platinum","gold","btc","jpy","gbp","chf","created"
1.0547411,30.73,959.7,2590,91940.66,0.006455028,1.2616863,1.1270145,"2024-11-18T08:55:57.545Z"