"eur","silver","gold","btc","jpy","gbp","chf","created"
1.0795639,31.74,2691.9,74727.89,0.0065149125,1.2969832,1.1441123,"2024-11-07T13:56:01.170Z"