"eur","silver","platinum","gold","btc","jpy","gbp","chf","created"
1.0576414,31.5,973.6,2639.3,92513.484,0.0064960797,1.2649581,1.1332215,"2024-11-19T13:03:56.330Z"