"eur","silver","gold","btc","jpy","gbp","chf","created"
1.0870746,32.875,2755,70554.48,0.00657687,1.2877637,1.1572065,"2024-10-31T18:56:01.112Z"