"eur","silver","gold","btc","jpy","gbp","chf","created"
1.0928961,32.715,2750.1,69485.25,0.0065998323,1.302711,1.1580776,"2024-11-05T20:55:54.825Z"