"eur","silver","platinum","gold","btc","jpy","gbp","chf","created"
1.0475593,30.845,968.4,2672.8,97819.13,0.0064709843,1.2587641,1.1277136,"2024-11-21T21:55:54.980Z"