"eur","silver","gold","btc","jpy","gbp","chf","created"
1.0906315,32.885,2753,70124.37,0.0065842317,1.3008299,1.1582385,"2024-11-05T14:55:56.466Z"