"eur","silver","platinum","gold","btc","jpy","gbp","chf","created"
1.0584251,31.285,980.6,2633.5,92746.695,0.006465211,1.2672986,1.1326183,"2024-11-19T17:56:08.602Z"