"eur","silver","platinum","gold","btc","jpy","gbp","chf","created"
1.0589855,31.165,978,2634.8,92535.62,0.006436042,1.2687778,1.1310171,"2024-11-20T06:55:55.656Z"