"eur","silver","platinum","gold","btc","jpy","gbp","chf","created"
1.0536298,30.545,950.1,2572,88485.31,0.006455611,1.2630728,1.1264179,"2024-11-15T15:56:17.420Z"