"eur","silver","gold","btc","jpy","gbp","chf","created"
1.0611205,30.66,2608.8,86612.055,0.0064727017,1.2760636,1.1334527,"2024-11-12T15:56:07.900Z"