"eur","silver","platinum","gold","btc","jpy","gbp","chf","created"
1.0598835,31.31,979.7,2635.8,92430.19,0.006465712,1.268263,1.1334013,"2024-11-19T21:55:45.817Z"