"eur","silver","gold","btc","jpy","gbp","chf","created"
1.0840108,32.565,2745.3,69859.8,0.0065415483,1.2932596,1.148897,"2024-11-01T17:56:05.041Z"