"eur","silver","gold","btc","jpy","gbp","chf","created"
1.0659845,30.78,2629.7,89455.65,0.006500471,1.2863888,1.1351253,"2024-11-12T01:20:55.587Z"