"eur","silver","gold","btc","jpy","gbp","chf","created"
1.0546298,30.62,2574.9,88386.23,0.0063965614,1.2680539,1.1247202,"2024-11-15T03:08:01.633Z"