"eur","silver","platinum","gold","btc","jpy","gbp","chf","created"
1.0544074,30.335,946,2567.4,89288.39,0.006483655,1.2608274,1.1298158,"2024-11-17T21:56:15.388Z"