"eur","silver","gold","btc","jpy","gbp","chf","created"
1.0665529,31.47,2672.6,82219.16,0.006503896,1.2886598,1.1374494,"2024-11-11T11:55:48.034Z"