"eur","silver","gold","btc","jpy","gbp","chf","created"
1.0730765,31.27,2673.2,74494.92,0.00646705,1.2890584,1.1413962,"2024-11-06T17:56:10.419Z"