"eur","silver","platinum","gold","btc","jpy","gbp","chf","created"
1.0478885,30.87,969,2672.2,98373.19,0.006473749,1.2591763,1.1281716,"2024-11-21T22:55:55.092Z"