"eur","silver","gold","btc","jpy","gbp","chf","created"
1.0879025,32.8,2757.5,69478.12,0.006565773,1.2891415,1.1571797,"2024-11-01T03:09:03.213Z"