"eur","silver","platinum","gold","btc","jpy","gbp","chf","created"
1.0519671,31.135,962.6,2668.6,97609.36,0.0064790756,1.2634239,1.1317081,"2024-11-21T09:56:02.715Z"