"eur","silver","platinum","gold","btc","jpy","gbp","chf","created"
1.056859,31.03,971.3,2626.2,93349.49,0.0064242994,1.2679093,1.1307229,"2024-11-20T08:56:17.997Z"