"eur","silver","gold","btc","jpy","gbp","chf","created"
1.0889688,32.585,2745.2,67839.48,0.006575573,1.2956053,1.15848,"2024-11-04T17:56:01.465Z"