"eur","silver","gold","btc","jpy","gbp","chf","created"
1.0765421,32.385,2749.5,74475.305,0.0065029655,1.2902893,1.1466707,"2024-11-06T04:56:13.064Z"