"eur","silver","gold","btc","jpy","gbp","chf","created"
1.0718113,31.5,2690.3,80424.63,0.0065394947,1.2916893,1.1414874,"2024-11-10T23:56:04.757Z"