"eur","silver","platinum","gold","btc","jpy","gbp","chf","created"
1.056859,31.065,963.8,2607.9,89784.836,0.0064534866,1.2623713,1.1286299,"2024-11-18T13:56:09.240Z"