"eur","silver","platinum","gold","btc","jpy","gbp","chf","created"
1.0564125,31.085,975.4,2633.9,93664.44,0.006423309,1.2671381,1.1304928,"2024-11-20T13:03:46.796Z"