"eur","silver","platinum","gold","btc","jpy","gbp","chf","created"
1.0544074,30.335,946,2567.4,90041.83,0.0064805034,1.2620525,1.1317338,"2024-11-17T18:55:53.545Z"