"eur","silver","gold","btc","jpy","gbp","chf","created"
1.0777023,31.675,2695.6,75895.875,0.0065456596,1.2966805,1.1453704,"2024-11-08T06:56:02.188Z"