"eur","silver","gold","btc","jpy","gbp","chf","created"
1.0760788,31.82,2703.1,76213.8,0.0065499037,1.2942973,1.1447804,"2024-11-08T13:56:08.178Z"