"eur","silver","platinum","gold","btc","jpy","gbp","chf","created"
1.0521885,31.1,963.3,2670.7,97621.125,0.006477271,1.2627538,1.1312729,"2024-11-21T10:55:54.983Z"