"eur","silver","gold","btc","jpy","gbp","chf","created"
1.0544074,30.495,2569.3,87785.164,0.006392513,1.2675396,1.1244799,"2024-11-15T05:55:58.436Z"