"eur","silver","platinum","gold","btc","jpy","gbp","chf","created"
1.0580891,31.315,969.8,2615.6,91417.016,0.006458613,1.2658387,1.1298797,"2024-11-18T16:56:47.809Z"