"eur","silver","gold","btc","jpy","gbp","chf","created"
1.0561893,30.33,2571.8,90277.37,0.006416056,1.2700509,1.1282607,"2024-11-14T01:21:05.093Z"