"eur","silver","platinum","gold","btc","jpy","gbp","chf","created"
1.0474495,30.81,968.7,2671.2,98505.05,0.0064866827,1.2587483,1.1277772,"2024-11-21T23:55:49.465Z"