"eur","silver","gold","btc","jpy","gbp","chf","created"
1.056524,30.405,2578.4,89733.83,0.0064343857,1.2706642,1.1295096,"2024-11-13T22:56:05.022Z"