"eur","silver","gold","btc","jpy","gbp","chf","created"
1.0638298,31.005,2615.5,89530.086,0.0064719897,1.2754613,1.1350223,"2024-11-13T13:56:10.285Z"