"eur","silver","gold","btc","jpy","gbp","chf","created"
1.087311,33.61,2790.7,72641.11,0.0065615075,1.2987181,1.155228,"2024-10-31T10:56:05.884Z"