"eur","silver","platinum","gold","btc","jpy","gbp","chf","created"
1.0544074,30.335,946,2567.4,90102.33,0.0064805034,1.2620525,1.1316057,"2024-11-17T19:56:19.612Z"