"eur","silver","gold","btc","jpy","gbp","chf","created"
1.0855407,32.68,2752.2,70970.945,0.006539153,1.2963444,1.1500598,"2024-11-01T14:56:08.267Z"