"eur","silver","gold","btc","jpy","gbp","chf","created"
1.0561893,30.43,2581.2,90351.23,0.006427107,1.2700994,1.1284134,"2024-11-13T20:56:07.957Z"