"eur","silver","gold","btc","jpy","gbp","chf","created"
1.0879025,32.6,2742.4,68097.39,0.0065614646,1.2954206,1.1571797,"2024-11-05T03:55:52.898Z"