"eur","silver","gold","btc","jpy","gbp","chf","created"
1.0658708,30.795,2627,88060.99,0.006505377,1.2869847,1.1352284,"2024-11-11T21:56:13.930Z"