"eur","silver","gold","btc","jpy","gbp","chf","created"
1.0868384,32.99,2764,69389.9,0.0065522213,1.2911223,1.1527776,"2024-11-01T08:56:14.130Z"