"eur","silver","gold","btc","jpy","gbp","chf","created"
1.0933741,32.81,2753.4,69390.91,0.006600573,1.3042061,1.159501,"2024-11-05T23:55:46.203Z"