"eur","silver","platinum","gold","btc","jpy","gbp","chf","created"
1.0522993,31.1,963.7,2673,97928.77,0.006471068,1.263823,1.1317338,"2024-11-21T11:56:11.465Z"