"eur","silver","gold","btc","jpy","gbp","chf","created"
1.0636035,30.41,2611.4,89699.625,0.0065041077,1.2823308,1.1341727,"2024-11-12T06:56:02.871Z"