"eur","silver","platinum","gold","btc","jpy","gbp","chf","created"
1.0579771,30.82,956.2,2576.8,89609.77,0.0064332676,1.2687619,1.1265956,"2024-11-15T11:54:36.040Z"