"eur","silver","platinum","gold","btc","jpy","gbp","chf","created"
1.05241,31.055,966.7,2647.3,94767.29,0.006429173,1.2653583,1.1291143,"2024-11-20T15:56:02.532Z"