"eur","silver","gold","btc","jpy","gbp","chf","created"
1.0868384,33.815,2789.9,72303.87,0.006559872,1.2980776,1.1557621,"2024-10-31T09:56:12.040Z"