"eur","silver","gold","btc","jpy","gbp","chf","created"
1.079797,31.845,2699.3,76517.18,0.0065368447,1.297707,1.1454098,"2024-11-07T19:56:01.948Z"