"eur","silver","gold","btc","jpy","gbp","chf","created"
1.0934937,32.77,2751.4,69439.81,0.0066062417,1.3024904,1.1589634,"2024-11-05T19:55:52.683Z"