"eur","silver","gold","btc","jpy","gbp","chf","created"
1.0738832,31.16,2662,75304.914,0.0064743776,1.2915057,1.1419436,"2024-11-07T03:02:21.323Z"