"eur","silver","gold","btc","jpy","gbp","chf","created"
1.077122,31.2,2667.5,75094.59,0.0064931693,1.2929586,1.142074,"2024-11-07T08:56:06.820Z"