"eur","silver","gold","btc","jpy","gbp","chf","created"
1.07446,31.2,2666.9,75102.14,0.0064805034,1.2922902,1.141774,"2024-11-07T03:56:05.546Z"