"eur","silver","gold","btc","jpy","gbp","chf","created"
1.0613458,30.985,2616.3,87325.31,0.0064510717,1.2741774,1.1328363,"2024-11-13T08:56:04.135Z"