"eur","silver","gold","btc","jpy","gbp","chf","created"
1.0902747,32.85,2751.1,69091.25,0.0065875286,1.2991569,1.1560694,"2024-11-04T04:56:02.204Z"