"eur","silver","gold","btc","jpy","gbp","chf","created"
1.0882577,32.785,2757.6,69163.45,0.0065672817,1.2893577,1.1576219,"2024-11-01T02:22:30.049Z"