"eur","silver","gold","btc","jpy","gbp","chf","created"
1.0731916,31.275,2668,75877.55,0.0064675524,1.2880623,1.1408103,"2024-11-06T21:56:14.230Z"