"eur","silver","platinum","gold","btc","jpy","gbp","chf","created"
1.0576414,31.24,968.7,2613.9,92477.09,0.0064524035,1.2640786,1.1290759,"2024-11-18T15:56:07.619Z"