"eur","silver","gold","btc","jpy","gbp","chf","created"
1.0531858,30.48,2571.8,87136.45,0.006390062,1.2663678,1.1230024,"2024-11-14T23:56:19.478Z"