"eur","silver","platinum","gold","btc","jpy","gbp","chf","created"
1.055409,31.235,970.9,2661.1,96910.06,0.0064503225,1.2655025,1.1328492,"2024-11-21T04:56:05.912Z"