"eur","silver","gold","btc","jpy","gbp","chf","created"
1.0932547,32.785,2751.3,70085.26,0.006593088,1.3034071,1.1590172,"2024-11-05T17:55:46.747Z"