"eur","silver","gold","btc","jpy","gbp","chf","created"
1.064736,30.67,2627,87447.164,0.0065019084,1.2850497,1.1346874,"2024-11-12T02:59:58.909Z"