"eur","silver","gold","btc","jpy","gbp","chf","created"
1.0552976,30.17,2564.8,90182.05,0.006411736,1.2686491,1.1273576,"2024-11-14T03:02:51.228Z"