"eur","silver","gold","btc","jpy","gbp","chf","created"
1.0518565,29.935,2550.4,91310.875,0.0064059854,1.2643664,1.1236334,"2024-11-14T10:56:14.794Z"