"eur","silver","platinum","gold","btc","jpy","gbp","chf","created"
1.0558547,30.915,968.7,2627.6,93668.82,0.0064180735,1.2660471,1.1295096,"2024-11-20T11:56:09.144Z"