"eur","silver","gold","btc","jpy","gbp","chf","created"
1.0879025,32.635,2746.5,67490.82,0.006572548,1.2952361,1.1572601,"2024-11-04T20:55:51.761Z"