"eur","silver","platinum","gold","btc","jpy","gbp","chf","created"
1.0548522,30.72,956.7,2596.9,90559.516,0.0064665484,1.263855,1.1267225,"2024-11-18T02:22:29.938Z"