"eur","silver","gold","btc","jpy","gbp","chf","created"
1.0908694,32.93,2752.5,68932.65,0.00658831,1.2970169,1.1589097,"2024-11-04T13:03:09.284Z"