"eur","silver","gold","btc","jpy","gbp","chf","created"
1.0756158,31.33,2674.7,75157.99,0.006476516,1.2912222,1.1426612,"2024-11-06T18:56:04.983Z"