"eur","silver","gold","btc","jpy","gbp","chf","created"
1.0880209,32.855,2758.6,70386.59,0.0065805493,1.289125,1.1581178,"2024-10-31T19:55:48.796Z"