"eur","silver","gold","btc","jpy","gbp","chf","created"
1.0753845,31.225,2670.4,74909.82,0.0064960797,1.291289,1.1416306,"2024-11-07T09:55:50.500Z"