"eur","silver","gold","btc","jpy","gbp","chf","created"
1.055409,29.945,2561.5,90729.07,0.0064170435,1.2690033,1.1274593,"2024-11-14T07:55:48.593Z"