"eur","silver","gold","btc","jpy","gbp","chf","created"
1.0871929,33.67,2789.5,72218.42,0.006547202,1.2981113,1.1556953,"2024-10-31T11:55:52.933Z"