"eur","silver","gold","btc","jpy","gbp","chf","created"
1.0861301,33.67,2790.2,72301.9,0.0065590544,1.297202,1.1552147,"2024-10-31T09:14:49.691Z"