"eur","silver","platinum","gold","btc","jpy","gbp","chf","created"
1.0597711,31.43,976.2,2627.1,91489.47,0.006486262,1.2683274,1.1323233,"2024-11-19T03:57:07.778Z"