"eur","silver","platinum","gold","btc","jpy","gbp","chf","created"
1.0542963,30.335,946,2567.4,90165.484,0.0064805034,1.2620525,1.1274593,"2024-11-17T03:56:17.086Z"