"eur","silver","platinum","gold","btc","jpy","gbp","chf","created"
1.0611205,31.355,979.3,2637.1,92275.26,0.0064646676,1.2692932,1.1337612,"2024-11-19T23:55:57.845Z"