"eur","silver","gold","btc","jpy","gbp","chf","created"
1.0934937,32.755,2750.9,70183.41,0.0065990924,1.3026261,1.15895,"2024-11-05T18:55:51.957Z"