"eur","silver","platinum","gold","btc","jpy","gbp","chf","created"
1.0551863,31.165,968.6,2657.7,94716.43,0.006452154,1.2654063,1.1325157,"2024-11-21T03:07:32.838Z"