"eur","silver","gold","btc","jpy","gbp","chf","created"
1.0548522,30.06,2559.4,89633.22,0.0064142034,1.2688102,1.1274339,"2024-11-14T06:55:46.800Z"