"eur","silver","gold","btc","jpy","gbp","chf","created"
1.0617965,31.005,2613.9,87601.82,0.0064517795,1.2739178,1.1319261,"2024-11-13T10:56:02.652Z"