"eur","silver","platinum","gold","btc","jpy","gbp","chf","created"
1.0483279,30.77,967.9,2666,97336.9,0.0064693093,1.2592238,1.1281588,"2024-11-21T16:56:39.182Z"