"eur","silver","gold","btc","jpy","gbp","chf","created"
1.0881393,32.58,2745.8,67845.59,0.0065741898,1.2956221,1.1572332,"2024-11-04T22:56:06.846Z"