"eur","silver","platinum","gold","btc","jpy","gbp","chf","created"
1.0536298,30.985,964.2,2651.2,93502.31,0.006438404,1.2647821,1.1309658,"2024-11-20T18:55:46.458Z"