"eur","silver","gold","btc","jpy","gbp","chf","created"
1.0576414,30.595,2572.5,89335.58,0.0064381137,1.2674593,1.1265067,"2024-11-15T10:56:07.915Z"