"eur","silver","platinum","gold","btc","jpy","gbp","chf","created"
1.0563009,30.775,951.8,2572.8,90363.7,0.0064367875,1.2647502,1.1257331,"2024-11-15T13:56:16.589Z"