"eur","silver","gold","btc","jpy","gbp","chf","created"
1.0889688,32.63,2745.5,68846.27,0.0065678423,1.2977743,1.1578228,"2024-11-05T07:56:03.263Z"