"eur","silver","gold","btc","jpy","gbp","chf","created"
1.0900371,32.905,2750.1,68594.734,0.006583452,1.296916,1.1581178,"2024-11-04T09:55:45.361Z"