"eur","silver","gold","btc","jpy","gbp","chf","created"
1.0633773,30.37,2604.4,89311.2,0.0065022884,1.281509,1.1343399,"2024-11-12T07:56:03.404Z"