"eur","silver","platinum","gold","btc","jpy","gbp","chf","created"
1.05,31.4,976.8,2699.3,99220.69,0.0064596147,1.2578142,1.1294203,"2024-11-22T08:09:33.739Z"