"eur","silver","gold","btc","jpy","gbp","chf","created"
1.0857763,32.71,2751.9,70129.55,0.006542747,1.2957228,1.150642,"2024-11-01T16:56:12.698Z"