"eur","silver","platinum","gold","btc","jpy","gbp","chf","created"
1.0542963,30.335,946,2567.4,91518.016,0.0064805034,1.26218,1.1274593,"2024-11-16T02:20:47.107Z"