"eur","silver","gold","btc","jpy","gbp","chf","created"
1.0655301,31.345,2665.8,82266.68,0.0065003447,1.2883941,1.1366736,"2024-11-11T13:02:08.668Z"