"eur","silver","gold","btc","jpy","gbp","chf","created"
1.0623606,30.815,2620.8,87039.58,0.0064762644,1.279165,1.1345973,"2024-11-12T14:55:52.773Z"