"eur","silver","gold","btc","jpy","gbp","chf","created"
1.0563009,30.695,2588.3,93185.98,0.006430413,1.2706642,1.129025,"2024-11-13T18:55:45.470Z"