"eur","silver","gold","btc","jpy","gbp","chf","created"
1.0897995,32.94,2753.4,68783.74,0.0065780818,1.2982123,1.1586277,"2024-11-05T13:55:51.757Z"