"eur","silver","gold","btc","jpy","gbp","chf","created"
1.0727311,31.315,2676.2,81477.664,0.0065196278,1.2919897,1.1411226,"2024-11-11T03:02:47.172Z"