"eur","silver","platinum","gold","btc","jpy","gbp","chf","created"
1.0549636,30.83,963,2597.1,91821.914,0.0064505725,1.2624828,1.1270399,"2024-11-18T10:56:06.915Z"