"eur","silver","gold","btc","jpy","gbp","chf","created"
1.0551863,30.245,2566.5,90128.03,0.0064079976,1.268456,1.1269891,"2024-11-14T04:56:05.129Z"