"eur","silver","gold","btc","jpy","gbp","chf","created"
1.0659845,30.785,2626.1,87564.97,0.0065054614,1.2871172,1.1363249,"2024-11-11T22:56:08.211Z"