"eur","silver","gold","btc","jpy","gbp","chf","created"
1.0624734,30.76,2614.1,85427.29,0.0064789504,1.2805245,1.1348033,"2024-11-12T13:56:03.904Z"