"eur","silver","gold","btc","jpy","gbp","chf","created"
1.0737679,31.23,2668.6,75910.78,0.006470356,1.2889754,1.1410575,"2024-11-06T20:56:06.196Z"