"eur","silver","platinum","gold","btc","jpy","gbp","chf","created"
1.0559661,31.015,969.8,2626.3,93169.72,0.0064206696,1.2669615,1.1292417,"2024-11-20T09:56:08.624Z"