"eur","silver","gold","btc","jpy","gbp","chf","created"
1.061008,30.665,2601.4,87335.41,0.0064591975,1.273496,1.1329519,"2024-11-12T17:55:50.856Z"