"eur","silver","gold","btc","jpy","gbp","chf","created"
1.0654166,30.725,2625.5,85649.875,0.0065025003,1.2866701,1.1359764,"2024-11-11T18:56:12.669Z"