"eur","silver","gold","btc","jpy","gbp","chf","created"
1.0862482,32.92,2760,69456.24,0.0065456163,1.2911389,1.1522994,"2024-11-01T09:55:55.459Z"