"eur","silver","gold","btc","jpy","gbp","chf","created"
1.0561893,30.455,2567.7,87759.21,0.006418032,1.2672665,1.1267352,"2024-11-15T07:56:04.779Z"