"eur","silver","platinum","gold","btc","jpy","gbp","chf","created"
1.0546298,30.725,956.4,2589.3,91354.47,0.006469937,1.2639508,1.1270908,"2024-11-18T06:56:10.610Z"