"eur","silver","gold","btc","jpy","gbp","chf","created"
1.0620221,31.11,2615.5,86883.58,0.006456903,1.2743561,1.1330546,"2024-11-13T04:56:01.957Z"