"eur","silver","gold","btc","jpy","gbp","chf","created"
1.0837759,32.575,2745.9,67884.93,0.0065627997,1.2982798,1.1542013,"2024-11-03T18:56:03.916Z"