"eur","silver","platinum","gold","btc","jpy","gbp","chf","created"
1.0597711,31.295,979.3,2635.7,91754.87,0.0064707748,1.2679735,1.1337868,"2024-11-19T22:56:05.677Z"