"eur","silver","gold","btc","jpy","gbp","chf","created"
1.0895619,32.805,2746.1,68500.39,0.006576568,1.2963444,1.1564035,"2024-11-04T08:56:01.016Z"