"eur","silver","platinum","gold","btc","jpy","gbp","chf","created"
1.0550749,31.29,971.6,2660,96810.76,0.006445749,1.2651341,1.1324259,"2024-11-21T05:56:02.219Z"