"eur","silver","gold","btc","jpy","gbp","chf","created"
1.0720412,31.365,2676.5,80685.34,0.0065144454,1.2914224,1.140524,"2024-11-11T05:55:46.617Z"