"eur","silver","gold","btc","jpy","gbp","chf","created"
1.0547411,30.145,2561,90029.42,0.0064114896,1.2687619,1.1267732,"2024-11-14T05:55:45.789Z"