"eur","silver","gold","btc","jpy","gbp","chf","created"
1.0887316,32.82,2755.6,69722.125,0.006577995,1.2899231,1.1580911,"2024-10-31T20:56:08.499Z"