"eur","silver","gold","btc","jpy","gbp","chf","created"
1.0616838,30.785,2604.8,88748.41,0.006462119,1.2741126,1.1332729,"2024-11-12T18:55:53.490Z"