"eur","silver","gold","btc","jpy","gbp","chf","created"
1.0640562,30.695,2626.8,87946.8,0.0065065622,1.284307,1.1345844,"2024-11-12T03:56:12.370Z"