"eur","silver","gold","btc","jpy","gbp","chf","created"
1.0880209,32.585,2745.3,66850.67,0.00657285,1.295706,1.1572199,"2024-11-04T21:55:51.148Z"